Title,Desc,Type,BodyPart,Equipment,Level,RatingDesc,Cluster_test,Cluster_main
2078,697,4,0,0,2,3,1,1
323,140,4,0,0,2,4,1,1
803,144,4,0,0,2,4,1,1
322,139,4,0,0,2,4,1,1
590,299,4,0,0,2,4,1,1
612,304,4,0,0,2,4,1,1
855,10,4,0,0,2,4,1,1
302,119,4,0,0,2,4,1,1
378,175,4,0,1,2,0,1,1
331,175,4,0,1,2,0,1,1
613,306,4,0,1,2,0,1,1
411,199,4,0,1,0,0,1,3
350,10,4,0,1,0,1,1,3
2287,760,4,0,1,2,1,1,1
2417,863,4,0,1,2,4,1,1
330,175,4,0,1,2,4,1,1
73,160,4,0,1,2,4,1,1
74,175,4,0,1,2,4,1,1
623,319,4,0,1,2,4,1,1
1708,10,4,0,1,2,4,1,1
231,10,4,0,9,0,0,3,3
1723,884,4,0,9,2,0,3,1
1720,10,4,0,9,0,0,3,3
1714,542,4,0,9,2,3,3,1
638,10,4,0,9,2,4,3,1
474,236,4,0,9,2,4,3,1
1741,562,4,0,9,2,4,3,1
1738,559,4,0,9,2,4,3,1
2765,1012,4,0,9,2,4,3,1
1727,546,4,0,9,2,4,3,1
2712,10,4,0,9,2,4,3,1
1388,10,4,0,9,2,4,3,1
865,10,4,0,9,2,4,3,1
896,10,4,0,9,2,4,3,1
889,10,4,0,9,2,4,3,1
890,10,4,0,9,2,4,3,1
891,10,4,0,9,2,4,3,1
897,10,4,0,9,2,4,3,1
944,10,4,0,9,2,4,3,1
699,342,4,0,5,2,0,1,1
749,395,4,0,5,0,0,1,3
745,392,4,0,5,2,0,1,1
709,351,4,0,5,2,4,1,1
673,10,4,0,5,2,4,1,1
660,10,4,0,5,2,4,1,1
667,10,4,0,5,2,4,1,1
669,10,4,0,5,2,4,1,1
668,10,4,0,5,2,4,1,1
671,10,4,0,5,2,4,1,1
665,10,4,0,5,2,4,1,1
675,10,4,0,5,2,4,1,1
697,341,4,0,5,2,4,1,1
721,366,4,0,5,2,4,1,1
710,352,4,0,5,2,4,1,1
658,351,4,0,5,2,4,1,1
2386,832,4,0,5,2,4,1,1
1011,10,4,0,5,2,4,1,1
755,403,4,0,5,2,4,1,1
2301,780,4,0,5,2,4,1,1
700,342,4,0,5,2,4,1,1
112,10,4,0,5,2,4,1,1
682,10,4,0,5,1,4,1,1
1477,10,4,0,5,2,4,1,1
1413,10,4,0,5,2,4,1,1
1259,10,4,0,5,2,4,1,1
1377,10,4,0,5,2,4,1,1
1617,10,4,0,5,2,4,1,1
1537,10,4,0,5,2,4,1,1
1553,10,4,0,5,2,4,1,1
1591,10,4,0,5,2,4,1,1
1556,10,4,0,5,2,4,1,1
1594,10,4,0,5,2,4,1,1
1361,10,4,0,5,2,4,1,1
1362,10,4,0,5,2,4,1,1
1924,10,4,0,5,2,4,1,1
1927,10,4,0,5,2,4,1,1
1928,10,4,0,5,2,4,1,1
1939,10,4,0,5,2,4,1,1
1940,10,4,0,5,2,4,1,1
1953,10,4,0,5,2,4,1,1
2606,957,4,0,5,2,4,1,1
1958,10,4,0,5,2,4,1,1
871,10,4,0,5,2,4,1,1
879,10,4,0,5,2,4,1,1
880,10,4,0,5,2,4,1,1
911,10,4,0,5,2,4,1,1
912,10,4,0,5,2,4,1,1
1853,10,4,0,5,2,4,1,1
1789,581,4,0,12,2,0,3,1
2665,991,4,0,12,2,0,3,1
625,322,4,0,12,2,0,3,1
2120,10,4,0,12,0,0,3,3
2876,1035,4,0,12,2,0,3,1
223,90,4,0,12,2,0,3,1
2046,44,4,0,12,2,0,3,1
522,260,4,0,12,2,0,3,1
2472,912,2,0,12,2,0,3,0
2059,46,4,0,12,2,0,3,1
2879,1034,4,0,12,2,0,3,1
2647,987,4,0,12,2,3,3,1
835,15,4,0,12,2,4,3,1
374,171,4,0,12,2,4,3,1
2375,815,4,0,12,2,4,3,1
523,261,4,0,12,2,4,3,1
2321,10,4,0,12,2,4,3,1
224,295,4,0,12,2,4,3,1
2875,1034,4,0,12,2,4,3,1
225,90,4,0,12,2,4,3,1
412,200,4,0,12,2,4,3,1
624,320,4,0,12,2,4,3,1
2194,734,4,0,12,2,4,3,1
141,759,4,0,12,2,4,3,1
2666,992,4,0,12,2,4,3,1
2667,993,4,0,12,2,4,3,1
2886,1034,4,0,12,2,4,3,1
107,305,4,0,12,2,4,3,1
1571,10,4,0,12,2,4,3,1
1260,10,4,0,12,2,4,3,1
1601,10,4,0,12,2,4,3,1
1620,10,4,0,12,2,4,3,1
1621,10,4,0,12,2,4,3,1
1502,10,4,0,12,2,4,3,1
1438,10,4,0,12,2,4,3,1
1432,10,4,0,12,2,4,3,1
1434,10,4,0,12,2,4,3,1
1436,10,4,0,12,2,4,3,1
1437,10,4,0,12,2,4,3,1
1435,10,4,0,12,2,4,3,1
1430,10,4,0,12,2,4,3,1
1433,10,4,0,12,2,4,3,1
1308,10,4,0,12,2,4,3,1
1547,10,4,0,12,2,4,3,1
1605,10,4,0,12,2,4,3,1
1616,10,4,0,12,2,4,3,1
1622,10,4,0,12,2,4,3,1
1604,10,4,0,12,2,4,3,1
1375,10,4,0,12,2,4,3,1
1596,10,4,0,12,2,4,3,1
1554,10,4,0,12,2,4,3,1
1613,10,4,0,12,2,4,3,1
1333,10,4,0,12,2,4,3,1
1310,10,4,0,12,2,4,3,1
1485,10,4,0,12,2,4,3,1
1535,10,4,0,12,2,4,3,1
1603,10,4,0,12,2,4,3,1
1618,10,4,0,12,2,4,3,1
1572,10,4,0,12,2,4,3,1
2625,10,4,0,12,2,4,3,1
2216,10,0,0,12,2,4,3,0
2599,949,4,0,3,2,0,1,1
2397,844,4,0,3,2,0,1,1
1778,571,4,0,3,2,0,1,1
1777,569,4,0,3,2,0,1,1
2226,570,4,0,3,2,0,1,1
2596,944,4,0,3,2,0,1,1
455,10,4,0,3,0,0,1,3
2561,946,4,0,3,2,0,1,1
503,246,4,0,3,0,0,1,3
492,10,4,0,3,0,0,1,3
2060,47,4,0,3,2,0,1,1
493,10,4,0,3,0,0,1,3
488,10,4,0,3,0,1,1,3
779,424,4,0,3,2,4,1,1
2597,947,4,0,3,2,4,1,1
423,10,4,0,3,2,4,1,1
2559,945,4,0,3,2,4,1,1
198,570,4,0,3,2,4,1,1
2771,10,4,0,3,2,4,1,1
2601,951,4,0,3,2,4,1,1
79,570,4,0,3,2,4,1,1
80,572,4,0,3,2,4,1,1
501,243,4,0,3,2,4,1,1
76,683,4,0,3,2,4,1,1
78,247,4,0,3,2,4,1,1
77,246,4,0,3,2,4,1,1
2766,10,4,0,3,2,4,1,1
2353,824,4,0,3,2,4,1,1
434,10,4,0,3,2,4,1,1
1772,10,4,0,3,2,4,1,1
222,636,4,0,10,2,0,3,1
2508,75,4,0,10,2,0,3,1
1891,635,4,0,10,2,4,3,1
191,10,4,0,10,2,4,3,1
2483,913,4,0,10,2,4,3,1
774,415,4,0,2,2,0,1,1
458,624,4,0,2,2,0,1,1
2522,918,4,0,2,2,0,1,1
569,285,4,0,2,2,0,1,1
578,417,4,0,2,2,0,1,1
776,417,4,0,2,2,0,1,1
604,309,4,0,2,2,0,1,1
1200,490,4,0,2,2,0,1,1
1192,489,4,0,2,2,0,1,1
1000,10,4,0,2,0,0,1,3
1198,486,4,0,2,2,0,1,1
1994,671,2,0,2,2,0,1,0
226,88,4,0,2,2,0,1,1
1,28,4,0,2,2,0,1,1
2195,735,4,0,2,2,0,1,1
593,299,4,0,2,2,0,1,1
598,301,4,0,2,2,0,1,1
592,10,4,0,2,0,0,1,3
2852,83,4,0,2,2,0,1,1
2631,10,5,0,2,0,0,1,3
2239,50,4,0,2,2,0,1,1
959,624,4,0,2,2,0,1,1
1783,579,4,0,2,2,0,1,1
477,10,4,0,2,0,0,1,3
954,442,4,0,2,2,0,1,1
427,211,4,0,2,2,0,1,1
253,99,4,0,2,2,0,1,1
2663,10,4,0,2,2,0,1,1
1858,609,4,0,2,2,0,1,1
2459,906,4,0,2,2,0,1,1
2324,799,4,0,2,2,0,1,1
1872,625,4,0,2,2,0,1,1
1689,10,4,0,2,0,0,1,3
1808,735,4,0,2,0,0,1,3
2326,10,4,0,2,2,0,1,1
2244,10,5,0,2,2,1,1,1
2722,1003,5,0,2,2,1,1,1
1832,10,5,0,2,2,1,1,1
795,436,5,0,2,2,1,1,1
2279,10,5,0,2,2,1,1,1
2051,10,5,0,2,2,2,1,1
2281,10,4,0,2,2,3,1,1
2079,698,4,0,2,2,3,1,1
576,10,4,0,2,0,3,1,3
985,10,4,0,2,0,3,1,3
1197,484,4,0,2,0,3,1,3
2636,10,4,0,2,2,3,1,1
2867,1022,2,0,2,2,3,1,0
2462,10,4,0,2,2,3,1,1
2075,694,4,0,2,0,3,1,3
1199,487,4,0,2,0,3,1,3
2082,701,4,0,2,0,3,1,3
788,426,4,0,2,2,3,1,1
2076,695,4,0,2,0,3,1,3
574,289,4,0,2,2,3,1,1
2335,794,4,0,2,2,3,1,1
2083,702,4,0,2,0,3,1,3
2659,10,4,0,2,0,3,1,3
1698,101,4,0,2,2,4,1,1
2340,798,4,0,2,2,4,1,1
775,416,4,0,2,2,4,1,1
783,420,4,0,2,2,4,1,1
2621,974,4,0,2,2,4,1,1
2464,909,2,0,2,2,4,1,0
392,190,4,0,2,2,4,1,1
573,287,5,0,2,2,4,1,1
2338,797,4,0,2,2,4,1,1
235,918,4,0,2,2,4,1,1
1865,617,4,0,2,2,4,1,1
1174,470,5,0,2,2,4,1,1
2320,792,4,0,2,2,4,1,1
640,330,4,0,2,2,4,1,1
966,450,4,0,2,2,4,1,1
2534,924,4,0,2,2,4,1,1
2526,922,4,0,2,2,4,1,1
2106,10,4,0,2,2,4,1,1
243,10,4,0,2,2,4,1,1
2650,10,4,0,2,2,4,1,1
1822,10,4,0,2,2,4,1,1
2110,10,4,0,2,2,4,1,1
326,143,4,0,2,2,4,1,1
2311,789,4,0,2,2,4,1,1
804,5,4,0,2,2,4,1,1
399,194,4,0,2,2,4,1,1
808,288,4,0,2,2,4,1,1
395,189,4,0,2,2,4,1,1
2747,1006,4,0,2,2,4,1,1
2436,885,4,0,2,2,4,1,1
805,192,4,0,2,2,4,1,1
257,103,4,0,2,2,4,1,1
2888,1036,4,0,2,2,4,1,1
2114,706,4,0,2,2,4,1,1
992,457,4,0,2,2,4,1,1
1767,565,4,0,2,2,4,1,1
839,924,4,0,2,2,4,1,1
2174,732,4,0,2,2,4,1,1
834,982,4,0,2,2,4,1,1
823,504,4,0,2,2,4,1,1
2853,84,4,0,2,2,4,1,1
2341,800,4,0,2,2,4,1,1
2652,989,4,0,2,2,4,1,1
1219,500,4,0,2,2,4,1,1
822,10,4,0,2,2,4,1,1
2720,1001,4,0,2,2,4,1,1
1769,567,4,0,2,2,4,1,1
2117,709,4,0,2,2,4,1,1
845,83,4,0,2,2,4,1,1
1827,600,4,0,2,2,4,1,1
807,794,4,0,2,2,4,1,1
2299,777,4,0,2,2,4,1,1
1001,463,4,0,2,2,4,1,1
1768,566,4,0,2,2,4,1,1
396,191,4,0,2,2,4,1,1
819,10,4,0,2,2,4,1,1
2115,707,4,0,2,2,4,1,1
772,41,4,0,2,2,4,1,1
2640,982,4,0,2,2,4,1,1
2116,708,4,0,2,2,4,1,1
974,452,4,0,2,2,4,1,1
829,501,4,0,2,2,4,1,1
983,454,4,0,2,2,4,1,1
838,906,4,0,2,2,4,1,1
830,777,4,0,2,2,4,1,1
2700,491,4,0,2,2,4,1,1
831,671,4,0,2,2,4,1,1
2221,10,4,0,2,2,4,1,1
2151,10,4,0,2,2,4,1,1
579,295,4,0,2,2,4,1,1
621,317,4,0,2,2,4,1,1
1190,485,4,0,2,2,4,1,1
479,239,4,0,2,2,4,1,1
581,292,4,0,2,2,4,1,1
960,624,4,0,2,2,4,1,1
1871,624,4,0,2,2,4,1,1
1194,481,4,0,2,2,4,1,1
2113,10,4,0,2,2,4,1,1
2458,906,4,0,2,2,4,1,1
2111,708,4,0,2,2,4,1,1
615,308,4,0,2,2,4,1,1
256,102,4,0,2,2,4,1,1
620,316,4,0,2,2,4,1,1
591,299,4,0,2,2,4,1,1
2109,415,4,0,2,2,4,1,1
364,160,4,0,2,2,4,1,1
2142,10,4,0,2,2,4,1,1
1902,10,4,0,2,2,4,1,1
585,296,4,0,2,2,4,1,1
2744,1005,4,0,2,2,4,1,1
2011,10,4,0,2,2,4,1,1
1796,585,4,0,2,2,4,1,1
1220,503,4,0,2,2,4,1,1
1006,10,4,0,2,2,4,1,1
1015,10,4,0,2,2,4,1,1
1019,10,4,0,2,2,4,1,1
1157,10,4,0,2,2,4,1,1
1159,10,4,0,2,2,4,1,1
1160,10,4,0,2,2,4,1,1
1121,10,5,0,2,2,4,1,1
1122,10,4,0,2,2,4,1,1
1034,10,4,0,2,2,4,1,1
1035,10,4,0,2,2,4,1,1
1036,10,4,0,2,2,4,1,1
1037,10,4,0,2,2,4,1,1
1039,10,4,0,2,2,4,1,1
1128,10,0,0,2,2,4,1,0
1129,10,4,0,2,2,4,1,1
1134,10,4,0,2,2,4,1,1
1135,10,4,0,2,2,4,1,1
1136,10,4,0,2,2,4,1,1
1137,10,4,0,2,2,4,1,1
1133,10,4,0,2,2,4,1,1
1050,10,4,0,2,2,4,1,1
1051,10,4,0,2,2,4,1,1
1052,10,4,0,2,2,4,1,1
1053,10,4,0,2,2,4,1,1
1139,10,4,0,2,2,4,1,1
1063,10,4,0,2,2,4,1,1
1065,10,4,0,2,2,4,1,1
1064,10,4,0,2,2,4,1,1
1144,10,4,0,2,2,4,1,1
1145,10,4,0,2,2,4,1,1
1146,10,4,0,2,2,4,1,1
1072,10,4,0,2,2,4,1,1
1077,10,4,0,2,2,4,1,1
1076,10,4,0,2,2,4,1,1
1080,10,4,0,2,2,4,1,1
1123,10,4,0,2,2,4,1,1
1116,10,4,0,2,2,4,1,1
1095,10,4,0,2,2,4,1,1
1096,10,4,0,2,2,4,1,1
1097,10,4,0,2,2,4,1,1
1115,10,4,0,2,2,4,1,1
1103,10,4,0,2,2,4,1,1
1105,10,4,0,2,2,4,1,1
1111,10,4,0,2,2,4,1,1
1110,10,4,0,2,2,4,1,1
1162,10,4,0,2,2,4,1,1
1066,10,4,0,2,2,4,1,1
1109,10,4,0,2,2,4,1,1
1903,10,4,0,2,2,4,1,1
209,262,4,0,2,2,4,1,1
201,324,4,0,2,2,4,1,1
1195,482,4,0,2,2,4,1,1
2767,10,4,0,2,2,4,1,1
2339,799,4,0,2,2,4,1,1
437,219,4,0,2,2,4,1,1
2442,891,4,0,2,2,4,1,1
2435,884,4,0,2,2,4,1,1
2806,10,4,0,2,2,4,1,1
2810,10,4,0,2,2,4,1,1
2817,10,4,0,2,2,4,1,1
2815,10,4,0,2,2,4,1,1
2814,10,4,0,2,2,4,1,1
2812,10,4,0,2,2,4,1,1
2802,10,4,0,2,2,4,1,1
2804,10,4,0,2,2,4,1,1
2816,10,4,0,2,2,4,1,1
2798,10,4,0,2,2,4,1,1
2811,10,4,0,2,2,4,1,1
227,89,4,0,2,2,4,1,1
414,203,4,0,2,2,4,1,1
952,440,4,0,2,2,4,1,1
584,295,4,0,2,2,4,1,1
619,315,4,0,2,2,4,1,1
108,321,4,0,2,2,4,1,1
627,325,4,0,2,2,4,1,1
109,624,4,0,2,2,4,1,1
110,450,4,0,2,2,4,1,1
543,267,4,0,2,2,4,1,1
111,10,4,0,2,2,4,1,1
1173,469,4,0,2,2,4,1,1
113,489,4,0,2,2,4,1,1
115,502,4,0,2,2,4,1,1
2067,687,4,0,2,2,4,1,1
116,582,4,0,2,2,4,1,1
2068,688,4,0,2,2,4,1,1
2047,43,4,0,2,2,4,1,1
142,792,4,0,2,2,4,1,1
175,918,4,0,2,2,4,1,1
2523,919,4,0,2,2,4,1,1
2723,1003,4,0,2,2,4,1,1
114,491,4,0,2,2,4,1,1
176,83,4,0,2,2,4,1,1
568,285,4,0,2,2,4,1,1
415,204,4,0,2,2,4,1,1
987,455,4,0,2,2,4,1,1
2159,729,4,0,2,2,4,1,1
2770,10,4,0,2,2,4,1,1
2769,10,4,0,2,2,4,1,1
2768,10,4,0,2,2,4,1,1
2645,10,4,0,2,2,4,1,1
1577,10,4,0,2,2,4,1,1
1569,10,4,0,2,2,4,1,1
1567,10,4,0,2,2,4,1,1
1568,10,4,0,2,2,4,1,1
1576,10,4,0,2,2,4,1,1
1578,10,4,0,2,2,4,1,1
1579,10,4,0,2,2,4,1,1
1565,10,4,0,2,2,4,1,1
1544,10,4,0,2,2,4,1,1
1389,10,4,0,2,2,4,1,1
1545,10,4,0,2,2,4,1,1
1306,10,4,0,2,2,4,1,1
1305,10,4,0,2,2,4,1,1
1330,10,4,0,2,2,4,1,1
1303,10,4,0,2,2,4,1,1
1350,10,4,0,2,2,4,1,1
1354,10,4,0,2,2,4,1,1
1487,10,4,0,2,2,4,1,1
1332,10,4,0,2,2,4,1,1
1316,10,4,0,2,2,4,1,1
1455,10,4,0,2,2,4,1,1
1296,10,4,0,2,2,4,1,1
1546,10,4,0,2,2,4,1,1
1244,10,4,0,2,2,4,1,1
1390,10,4,0,2,2,4,1,1
1552,10,4,0,2,2,4,1,1
1551,10,4,0,2,2,4,1,1
1304,10,4,0,2,2,4,1,1
1344,10,4,0,2,2,4,1,1
1538,10,4,0,2,2,4,1,1
1381,10,4,0,2,2,4,1,1
1255,10,4,0,2,2,4,1,1
1231,10,4,0,2,2,4,1,1
1312,10,4,0,2,2,4,1,1
1245,10,4,0,2,2,4,1,1
1324,10,4,0,2,2,4,1,1
1319,10,4,0,2,2,4,1,1
1331,10,4,0,2,2,4,1,1
1321,10,4,0,2,2,4,1,1
1314,10,4,0,2,2,4,1,1
1322,10,4,0,2,2,4,1,1
1531,10,4,0,2,2,4,1,1
1543,10,4,0,2,2,4,1,1
1299,10,4,0,2,2,4,1,1
1476,10,4,0,2,2,4,1,1
1412,10,4,0,2,2,4,1,1
1549,10,4,0,2,2,4,1,1
1257,10,4,0,2,2,4,1,1
1488,10,4,0,2,2,4,1,1
1533,10,4,0,2,2,4,1,1
1378,10,4,0,2,2,4,1,1
1309,10,4,0,2,2,4,1,1
1311,10,4,0,2,2,4,1,1
1372,10,4,0,2,2,4,1,1
1541,10,4,0,2,2,4,1,1
1238,10,4,0,2,2,4,1,1
1277,10,4,0,2,2,4,1,1
1629,10,4,0,2,2,4,1,1
1230,10,4,0,2,2,4,1,1
1376,10,4,0,2,2,4,1,1
1266,10,4,0,2,2,4,1,1
1486,10,4,0,2,2,4,1,1
1302,10,4,0,2,2,4,1,1
1300,10,4,0,2,2,4,1,1
1258,10,4,0,2,2,4,1,1
1514,10,4,0,2,2,4,1,1
1351,10,4,0,2,2,4,1,1
1548,10,4,0,2,2,4,1,1
1357,10,4,0,2,2,4,1,1
1323,10,4,0,2,2,4,1,1
1349,10,4,0,2,2,4,1,1
1359,10,4,0,2,2,4,1,1
1241,10,4,0,2,2,4,1,1
1298,10,4,0,2,2,4,1,1
1519,10,4,0,2,2,4,1,1
1558,10,4,0,2,2,4,1,1
1297,10,4,0,2,2,4,1,1
1484,10,4,0,2,2,4,1,1
1491,10,4,0,2,2,4,1,1
1624,10,4,0,2,2,4,1,1
1555,10,4,0,2,2,4,1,1
1529,10,4,0,2,2,4,1,1
1301,10,4,0,2,2,4,1,1
1582,10,4,0,2,2,4,1,1
1353,10,4,0,2,2,4,1,1
1536,10,4,0,2,2,4,1,1
1329,10,4,0,2,2,4,1,1
1563,10,4,0,2,2,4,1,1
1307,10,4,0,2,2,4,1,1
1557,10,4,0,2,2,4,1,1
1317,10,4,0,2,2,4,1,1
1425,10,4,0,2,2,4,1,1
1327,10,4,0,2,2,4,1,1
1318,10,4,0,2,2,4,1,1
1398,10,4,0,2,2,4,1,1
1229,10,4,0,2,2,4,1,1
1463,10,4,0,2,2,4,1,1
1399,10,4,0,2,2,4,1,1
1550,10,4,0,2,2,4,1,1
1464,10,4,0,2,2,4,1,1
1475,10,4,0,2,2,4,1,1
1400,10,4,0,2,2,4,1,1
1465,10,4,0,2,2,4,1,1
1401,10,4,0,2,2,4,1,1
1539,10,4,0,2,2,4,1,1
1315,10,4,0,2,2,4,1,1
1326,10,4,0,2,2,4,1,1
1247,10,4,0,2,2,4,1,1
1540,10,4,0,2,2,4,1,1
1426,10,4,0,2,2,4,1,1
1454,10,4,0,2,2,4,1,1
1542,10,4,0,2,2,4,1,1
1232,10,4,0,2,2,4,1,1
1320,10,4,0,2,2,4,1,1
1462,10,4,0,2,2,4,1,1
1418,10,4,0,2,2,4,1,1
1228,10,4,0,2,2,4,1,1
1371,10,4,0,2,2,4,1,1
1494,10,4,0,2,2,4,1,1
1493,10,4,0,2,2,4,1,1
1489,10,4,0,2,2,4,1,1
1573,10,4,0,2,2,4,1,1
1492,10,4,0,2,2,4,1,1
1278,10,4,0,2,2,4,1,1
1279,10,4,0,2,2,4,1,1
1625,10,4,0,2,2,4,1,1
1490,10,4,0,2,2,4,1,1
2724,503,4,0,2,2,4,1,1
228,91,4,0,2,2,4,1,1
528,8,4,0,2,2,4,1,1
575,290,4,0,2,2,4,1,1
1839,608,4,0,2,2,4,1,1
1188,480,4,0,2,2,4,1,1
2733,502,4,0,2,2,4,1,1
2736,799,4,0,2,2,4,1,1
2342,801,4,0,2,2,4,1,1
2738,918,4,0,2,2,4,1,1
2741,83,4,0,2,2,4,1,1
1925,10,4,0,2,2,4,1,1
259,104,4,0,2,2,4,1,1
1930,10,4,0,2,2,4,1,1
1947,10,4,0,2,2,4,1,1
1950,10,4,0,2,2,4,1,1
1952,10,4,0,2,2,4,1,1
1954,10,4,0,2,2,4,1,1
1955,10,4,0,2,2,4,1,1
1956,10,4,0,2,2,4,1,1
1957,10,4,0,2,2,4,1,1
1959,10,4,0,2,2,4,1,1
1960,10,4,0,2,2,4,1,1
1966,10,4,0,2,2,4,1,1
1967,10,4,0,2,2,4,1,1
1968,10,4,0,2,2,4,1,1
1969,10,4,0,2,2,4,1,1
1970,10,4,0,2,2,4,1,1
1973,10,4,0,2,2,4,1,1
1974,10,4,0,2,2,4,1,1
1975,10,4,0,2,2,4,1,1
1979,10,4,0,2,2,4,1,1
1984,10,4,0,2,2,4,1,1
1985,10,4,0,2,2,4,1,1
1986,10,4,0,2,2,4,1,1
1988,10,4,0,2,2,4,1,1
2903,85,4,0,2,2,4,1,1
1983,10,4,0,2,2,4,1,1
2212,10,4,0,2,2,4,1,1
869,10,4,0,2,2,4,1,1
882,10,4,0,2,2,4,1,1
883,10,4,0,2,2,4,1,1
887,10,4,0,2,2,4,1,1
910,10,4,0,2,2,4,1,1
919,10,4,0,2,2,4,1,1
930,10,4,0,2,2,4,1,1
1181,474,4,0,2,2,4,1,1
582,293,4,0,2,2,4,1,1
426,210,4,0,2,2,4,1,1
572,33,4,0,2,2,4,1,1
185,488,4,0,2,2,4,1,1
252,98,4,0,2,2,4,1,1
2112,10,4,0,2,2,4,1,1
2760,10,4,0,2,2,4,1,1
1688,10,4,0,2,2,4,1,1
1191,10,4,0,2,2,4,1,1
757,406,4,0,11,2,0,3,1
1914,665,4,0,11,2,3,3,1
1221,505,4,0,11,2,3,3,1
2074,693,4,0,11,0,3,3,3
2460,907,2,0,11,2,3,3,0
1911,661,2,0,11,2,3,3,0
2080,699,4,0,11,0,3,3,3
1908,657,4,0,11,2,4,3,1
792,432,4,0,11,2,4,3,1
1912,662,4,0,11,2,4,3,1
2077,696,4,0,11,2,4,3,1
1905,653,4,0,11,2,4,3,1
140,667,4,0,11,2,4,3,1
1918,669,4,0,11,2,4,3,1
913,10,4,0,11,2,4,3,1
914,10,4,0,11,2,4,3,1
915,10,4,0,11,2,4,3,1
916,10,4,0,11,2,4,3,1
622,318,4,0,4,2,0,1,1
626,323,4,0,4,2,4,1,1
1193,492,4,0,4,2,4,1,1
781,427,4,0,7,2,0,3,1
786,423,4,0,7,2,0,3,1
953,441,4,0,7,2,0,3,1
2874,10,4,0,7,0,1,3,3
2673,433,4,0,7,2,4,3,1
793,434,4,0,7,2,4,3,1
2674,420,4,0,7,2,4,3,1
790,430,4,0,7,2,4,3,1
784,421,4,0,7,2,4,3,1
794,435,4,0,7,2,4,3,1
281,31,4,0,7,2,4,3,1
780,427,4,0,7,2,4,3,1
241,427,4,0,7,2,4,3,1
192,424,4,0,7,2,4,3,1
75,10,4,0,7,2,4,3,1
282,32,4,0,7,2,4,3,1
174,447,4,0,7,2,4,3,1
1196,483,4,0,7,2,4,3,1
2705,10,4,0,7,2,4,3,1
846,10,4,0,7,2,4,3,1
955,443,4,0,7,2,4,3,1
292,10,4,2,0,0,0,1,3
1792,10,4,1,0,2,3,1,1
945,10,4,1,0,2,4,1,1
1637,13,5,1,8,2,0,3,1
229,0,5,2,8,0,2,3,3
1840,10,5,2,12,0,2,3,3
1797,586,2,2,12,2,3,3,0
2717,998,4,2,10,2,0,3,1
2716,997,4,1,10,2,0,3,1
2576,10,5,1,2,0,0,1,3
1005,10,5,2,2,0,0,1,3
958,10,4,1,2,0,0,1,3
2899,10,5,1,2,2,0,1,1
2328,10,5,2,2,0,0,1,3
1799,588,2,2,2,2,0,1,0
1993,10,4,1,2,2,1,1,1
2330,10,5,2,2,2,2,1,1
1636,10,5,1,2,2,2,1,1
2451,900,5,1,2,0,2,1,3
526,264,2,2,2,2,3,1,0
2612,965,5,1,2,2,3,1,1
1798,587,2,2,2,2,3,1,0
2345,10,4,2,2,2,4,1,1
764,414,4,1,2,2,4,1,1
586,297,4,1,2,2,4,1,1
2748,1007,4,1,2,2,4,1,1
843,999,4,1,2,2,4,1,1
1152,10,5,1,2,2,4,1,1
1120,10,5,1,2,2,4,1,1
1125,10,5,1,2,2,4,1,1
1069,10,4,1,2,2,4,1,1
1090,10,4,1,2,2,4,1,1
1094,10,4,2,2,2,4,1,1
2803,10,4,2,2,2,4,1,1
1944,10,4,1,2,2,4,1,1
2346,803,4,2,2,2,4,1,1
1003,10,5,2,4,0,0,1,3
230,10,5,2,4,0,2,1,3
1668,522,4,3,0,2,4,1,1
320,137,4,3,0,2,4,1,1
318,634,4,3,0,2,4,1,1
312,130,4,3,0,2,4,1,1
466,6,5,3,8,0,2,3,3
2896,1039,4,3,1,0,0,1,3
771,39,4,3,1,2,0,1,1
336,155,4,3,1,2,0,1,1
561,274,4,3,1,0,0,1,3
2140,36,4,3,1,2,0,1,1
337,10,4,3,1,0,0,1,3
2259,10,4,3,1,0,0,1,3
562,276,4,3,1,0,0,1,3
649,338,4,3,1,0,0,1,3
2199,739,4,3,1,2,0,1,1
1850,10,4,3,1,0,1,1,3
2307,786,4,3,1,0,3,1,3
2284,787,4,3,1,0,3,1,3
597,10,4,3,1,2,4,1,1
2198,738,4,3,1,2,4,1,1
768,40,4,3,1,2,4,1,1
360,155,4,3,1,2,4,1,1
2086,155,4,3,1,2,4,1,1
2591,938,4,3,1,2,4,1,1
556,275,4,3,1,2,4,1,1
2249,10,4,3,1,2,4,1,1
218,936,4,3,1,2,4,1,1
769,35,4,3,1,2,4,1,1
37,10,4,3,1,2,4,1,1
23,10,4,3,1,2,4,1,1
433,10,4,3,1,2,4,1,1
1654,10,4,3,5,0,0,1,3
1175,1045,4,3,5,2,0,1,1
435,218,4,3,5,0,0,1,3
571,286,4,3,5,2,0,1,1
961,10,4,3,5,0,0,1,3
654,346,4,3,5,2,0,1,1
580,291,4,3,5,0,0,1,3
651,92,4,3,5,2,0,1,1
2389,835,4,3,5,2,0,1,1
237,100,4,3,5,2,0,1,1
2603,954,4,3,5,0,0,1,3
254,100,4,3,5,2,0,1,1
236,96,4,3,5,2,0,1,1
2293,767,4,3,5,2,0,1,1
2141,10,4,3,5,0,0,1,3
730,377,4,3,5,2,0,1,1
1856,10,4,3,5,0,0,1,3
2566,1050,4,3,5,0,0,1,3
2064,685,4,3,5,0,0,1,3
2641,983,4,3,5,0,0,1,3
948,438,4,3,5,0,0,1,3
2261,10,4,3,5,0,0,1,3
2578,10,4,3,5,0,0,1,3
2298,775,4,3,5,2,4,1,1
2094,523,4,3,5,2,4,1,1
2090,286,4,3,5,2,4,1,1
811,346,4,3,5,2,4,1,1
705,347,4,3,5,2,4,1,1
813,1045,4,3,5,2,4,1,1
729,376,4,3,5,2,4,1,1
828,575,4,3,5,2,4,1,1
1837,606,4,3,5,2,4,1,1
810,346,4,3,5,2,4,1,1
250,95,4,3,5,2,4,1,1
2692,523,4,3,5,2,4,1,1
2690,96,4,3,5,2,4,1,1
2203,1049,4,3,5,2,4,1,1
1644,523,4,3,5,2,4,1,1
1177,471,4,3,5,2,4,1,1
2260,768,4,3,5,2,4,1,1
685,1045,4,3,5,2,4,1,1
2426,873,4,3,5,2,4,1,1
1841,611,4,3,5,2,4,1,1
704,346,4,3,5,2,4,1,1
2253,10,4,3,5,2,4,1,1
1017,10,4,3,5,2,4,1,1
207,1045,4,3,5,2,4,1,1
214,776,4,3,5,2,4,1,1
2286,758,4,3,5,2,4,1,1
251,97,4,3,5,2,4,1,1
248,92,4,3,5,2,4,1,1
1498,10,4,3,5,2,4,1,1
1254,10,4,3,5,2,4,1,1
1456,10,4,3,5,2,4,1,1
1393,10,4,3,5,2,4,1,1
1236,10,4,3,5,2,4,1,1
1598,10,4,3,5,2,4,1,1
1366,10,4,3,5,2,4,1,1
1364,10,4,3,5,2,4,1,1
1937,10,4,3,5,2,4,1,1
1945,10,4,3,5,2,4,1,1
1933,10,4,3,5,2,4,1,1
847,10,4,3,5,2,4,1,1
921,10,4,3,5,2,4,1,1
928,10,4,3,5,2,4,1,1
934,10,4,3,5,2,4,1,1
873,10,4,3,5,2,4,1,1
39,10,4,3,5,2,4,1,1
38,10,4,3,5,2,4,1,1
36,10,4,3,5,2,4,1,1
35,10,4,3,5,2,4,1,1
32,10,4,3,5,2,4,1,1
31,10,4,3,5,2,4,1,1
30,10,4,3,5,2,4,1,1
29,10,4,3,5,2,4,1,1
28,10,4,3,5,2,4,1,1
25,10,4,3,5,2,4,1,1
24,10,4,3,5,2,4,1,1
21,10,4,3,5,2,4,1,1
2193,10,4,3,12,0,0,3,3
2556,10,5,3,12,0,0,3,3
2660,10,4,3,12,0,3,3,3
2123,713,4,3,12,0,3,3,3
383,180,4,3,12,2,4,3,1
365,161,4,3,12,2,4,3,1
2054,1,4,3,3,2,0,1,1
2583,817,4,3,3,0,0,1,3
2186,10,4,3,3,0,0,1,3
2555,257,4,3,3,2,0,1,1
504,248,4,3,3,2,0,1,1
1859,610,4,3,3,0,0,1,3
505,249,4,3,3,0,0,1,3
1842,622,4,3,3,0,0,1,3
485,245,4,3,3,2,4,1,1
2548,929,4,3,3,2,4,1,1
511,257,4,3,3,2,4,1,1
2618,971,4,3,3,2,4,1,1
1869,621,4,3,3,2,4,1,1
1212,1,4,3,3,2,4,1,1
2575,257,4,3,3,2,4,1,1
1207,621,4,3,3,2,4,1,1
2289,763,4,3,3,2,4,1,1
1843,622,4,3,3,2,4,1,1
2560,257,4,3,3,2,4,1,1
633,10,4,3,3,2,4,1,1
197,257,4,3,3,2,4,1,1
2376,818,4,3,3,2,4,1,1
2823,10,4,3,3,2,4,1,1
8,10,4,3,3,2,4,1,1
34,10,4,3,3,2,4,1,1
22,10,4,3,3,2,4,1,1
11,10,4,3,3,2,4,1,1
7,10,4,3,3,2,4,1,1
4,10,4,3,3,2,4,1,1
277,220,4,3,3,2,4,1,1
1876,10,4,3,10,0,0,3,3
1880,642,4,3,10,0,0,3,3
2423,870,4,3,10,2,4,3,1
1894,641,4,3,10,2,4,3,1
2493,60,4,3,10,2,4,3,1
5,10,4,3,10,2,4,3,1
2252,10,5,3,2,0,1,1,3
2681,87,4,3,2,2,4,1,1
2146,722,4,3,2,2,4,1,1
2792,10,4,3,2,2,4,1,1
2791,10,4,3,2,2,4,1,1
2790,10,4,3,2,2,4,1,1
765,935,4,3,6,2,0,1,1
2183,739,4,3,6,0,0,1,3
557,10,4,3,6,0,0,1,3
2570,936,4,3,6,2,4,1,1
2687,936,4,3,6,2,4,1,1
2571,934,4,3,6,2,4,1,1
41,10,4,3,6,2,4,1,1
20,10,4,3,6,2,4,1,1
18,10,4,3,6,2,4,1,1
40,10,4,3,6,2,4,1,1
518,10,4,4,0,0,1,1,3
2103,10,5,4,0,2,2,1,1
2132,10,5,4,0,2,2,1,1
519,7,5,4,8,0,1,3,3
2218,10,4,4,1,0,0,1,3
2592,939,4,4,1,0,0,1,3
348,10,4,4,1,0,0,1,3
2506,73,4,4,1,2,4,1,1
517,10,4,4,5,0,1,1,3
2565,956,4,4,5,2,4,1,1
2454,903,4,4,5,2,4,1,1
760,410,4,4,5,2,4,1,1
289,10,4,4,12,0,0,3,3
2883,1031,4,4,12,2,0,3,1
264,10,5,4,12,0,1,3,3
967,10,5,4,12,0,2,3,3
232,10,0,4,12,2,4,3,0
2453,902,4,4,12,2,4,3,1
2477,73,4,4,10,2,0,3,1
2564,952,4,4,10,0,0,3,3
2256,644,4,4,10,2,0,3,1
516,595,4,4,10,2,0,3,1
514,952,4,4,10,0,0,3,3
2481,10,4,4,10,0,0,3,3
2283,902,4,4,10,2,4,3,1
2257,644,4,4,10,2,4,3,1
632,329,4,4,10,2,4,3,1
2563,736,4,4,10,2,4,3,1
515,467,4,4,10,2,4,3,1
2482,73,4,4,10,2,4,3,1
1171,466,4,4,10,2,4,3,1
2255,644,4,4,10,2,4,3,1
1811,594,4,4,10,2,4,3,1
1896,644,4,4,10,2,4,3,1
130,10,4,4,10,2,4,3,1
137,10,4,4,10,2,4,3,1
2104,10,5,4,2,2,1,1,1
1764,10,5,4,2,0,1,1,3
2573,10,5,4,2,2,1,1,1
2866,1021,5,4,2,2,1,1,1
2258,10,5,4,2,2,1,1,1
2562,952,4,4,2,2,4,1,1
2602,953,4,4,2,2,4,1,1
1092,10,4,4,2,2,4,1,1
263,10,5,4,4,0,0,1,3
520,10,5,4,4,0,1,1,3
2586,10,5,4,4,0,1,1,3
577,10,4,5,0,0,0,1,3
408,10,4,5,0,0,1,1,3
409,10,3,5,0,0,3,1,3
950,10,4,5,0,0,3,1,3
317,135,4,5,0,2,4,1,1
1028,10,4,5,0,2,4,1,1
2235,10,4,5,0,2,4,1,1
2797,10,4,5,0,2,4,1,1
2704,10,4,5,0,2,4,1,1
1660,512,4,5,0,2,4,1,1
306,124,4,5,0,2,4,1,1
296,26,4,5,0,2,4,1,1
563,277,4,5,1,2,0,1,1
333,205,4,5,1,2,0,1,1
614,307,4,5,1,2,0,1,1
2897,1040,4,5,1,0,0,1,3
2891,10,4,5,1,0,0,1,3
346,515,4,5,1,2,0,1,1
2014,10,4,5,1,0,0,1,3
979,10,4,5,1,0,0,1,3
438,224,3,5,1,2,0,1,1
334,1041,4,5,1,0,0,1,3
2892,10,4,5,1,0,0,1,3
344,10,4,5,1,0,1,1,3
2093,515,4,5,1,2,4,1,1
1662,514,4,5,1,2,4,1,1
416,206,4,5,1,2,4,1,1
2682,278,4,5,1,2,4,1,1
205,205,4,5,1,2,4,1,1
2820,205,4,5,1,2,4,1,1
2828,278,4,5,1,2,4,1,1
1745,205,4,5,1,2,4,1,1
1754,515,4,5,1,2,4,1,1
92,10,4,5,1,2,4,1,1
84,10,4,5,1,2,4,1,1
82,10,4,5,1,2,4,1,1
2533,78,4,5,1,2,4,1,1
1733,552,4,5,9,2,0,3,1
797,10,4,5,9,0,1,3,3
1724,543,4,5,9,0,1,3,3
2036,10,4,5,9,0,3,3,3
1813,10,4,5,9,0,3,3,3
922,10,4,5,9,2,4,3,1
2160,727,4,5,2,2,0,1,1
1655,477,4,5,2,2,0,1,1
1182,476,4,5,2,0,0,1,3
610,444,4,5,2,2,0,1,1
2358,10,4,5,2,0,0,1,3
555,272,4,5,2,2,0,1,1
2898,1042,4,5,2,0,0,1,3
2154,10,4,5,2,2,0,1,1
956,445,4,5,2,2,0,1,1
1685,1013,4,5,2,0,0,1,3
553,270,4,5,2,0,0,1,3
1656,10,2,5,2,2,0,1,0
2152,1037,4,5,2,0,0,1,3
2521,917,4,5,2,2,0,1,1
559,271,4,5,2,0,0,1,3
2719,1000,4,5,2,0,0,1,3
2128,718,2,5,2,0,0,1,0
565,281,4,5,2,2,0,1,1
2668,994,4,5,2,2,0,1,1
2149,729,4,5,2,2,0,1,1
1682,10,2,5,2,0,0,1,0
2349,806,4,5,2,0,1,1,3
2772,1013,4,5,2,0,3,1,3
630,327,4,5,2,2,3,1,1
1697,536,4,5,2,0,3,1,3
2654,10,2,5,2,0,3,1,0
2889,1037,4,5,2,0,3,1,3
2044,10,4,5,2,0,3,1,3
545,2,2,5,2,0,3,1,0
2549,930,4,5,2,0,3,1,3
2204,744,4,5,2,0,3,1,3
2759,10,2,5,2,0,3,1,0
2336,795,4,5,2,2,4,1,1
2672,10,0,5,2,2,4,1,0
833,727,4,5,2,2,4,1,1
975,453,4,5,2,2,4,1,1
2890,1038,4,5,2,2,4,1,1
554,271,4,5,2,2,4,1,1
2150,727,4,5,2,2,4,1,1
1081,10,4,5,2,2,4,1,1
1113,10,4,5,2,2,4,1,1
1112,10,4,5,2,2,4,1,1
199,266,4,5,2,2,4,1,1
2157,727,4,5,2,2,4,1,1
2837,727,4,5,2,2,4,1,1
2793,10,4,5,2,2,4,1,1
2805,10,4,5,2,2,4,1,1
2789,10,4,5,2,2,4,1,1
1483,10,4,5,2,2,4,1,1
1348,10,4,5,2,2,4,1,1
1442,10,4,5,2,2,4,1,1
1500,10,4,5,2,2,4,1,1
1384,10,4,5,2,2,4,1,1
1345,10,4,5,2,2,4,1,1
1444,10,4,5,2,2,4,1,1
1495,10,4,5,2,2,4,1,1
1246,10,4,5,2,2,4,1,1
1340,10,4,5,2,2,4,1,1
1423,10,4,5,2,2,4,1,1
1295,10,4,5,2,2,4,1,1
1382,10,4,5,2,2,4,1,1
1338,10,4,5,2,2,4,1,1
1325,10,4,5,2,2,4,1,1
2735,718,4,5,2,2,4,1,1
2243,755,4,5,2,2,4,1,1
1758,727,4,5,2,2,4,1,1
2873,1028,4,5,2,2,4,1,1
2710,10,4,5,2,2,4,1,1
2709,10,4,5,2,2,4,1,1
102,10,4,5,2,2,4,1,1
101,10,4,5,2,2,4,1,1
85,10,4,5,2,2,4,1,1
1919,10,4,5,2,2,4,1,1
1942,10,4,5,2,2,4,1,1
1948,10,4,5,2,2,4,1,1
1951,10,4,5,2,2,4,1,1
1961,10,4,5,2,2,4,1,1
1962,10,4,5,2,2,4,1,1
1963,10,4,5,2,2,4,1,1
1977,10,4,5,2,2,4,1,1
1978,10,4,5,2,2,4,1,1
2211,10,4,5,2,2,4,1,1
923,10,4,5,2,2,4,1,1
184,475,4,5,2,2,4,1,1
0,27,4,5,2,2,4,1,1
190,1010,4,5,2,2,4,1,1
189,80,4,5,2,2,4,1,1
587,298,4,5,2,2,4,1,1
1819,10,4,5,10,0,0,3,3
478,632,4,5,10,2,0,3,1
1815,634,4,5,10,0,0,3,3
611,59,4,5,10,0,0,3,3
2487,54,4,5,10,2,0,3,1
1817,10,4,5,10,0,0,3,3
1890,633,4,5,10,2,0,3,1
2480,63,4,5,10,2,0,3,1
2478,58,4,5,10,2,0,3,1
2479,59,4,5,10,0,0,3,3
2488,55,4,5,10,0,3,3,3
1889,631,4,5,10,2,4,3,1
1888,630,4,5,10,2,4,3,1
1882,634,4,5,10,2,4,3,1
2510,77,4,5,10,2,4,3,1
2496,63,4,5,10,2,4,3,1
2492,59,4,5,10,2,4,3,1
211,704,4,5,10,2,4,3,1
98,10,4,5,10,2,4,3,1
2502,69,4,5,10,2,4,3,1
105,10,4,5,10,2,4,3,1
104,10,4,5,10,2,4,3,1
100,10,4,5,10,2,4,3,1
99,10,4,5,10,2,4,3,1
83,10,4,5,10,2,4,3,1
1831,602,4,5,3,2,0,1,1
1663,516,4,5,3,2,0,1,1
483,241,4,5,3,2,0,1,1
1664,517,4,5,3,0,0,1,3
481,10,4,5,3,0,0,1,3
2377,820,4,5,3,2,0,1,1
500,242,4,5,3,0,0,1,3
2558,10,4,5,3,0,0,1,3
1860,612,4,5,3,2,0,1,1
2089,241,4,5,3,2,4,1,1
2031,819,4,5,3,2,4,1,1
1642,516,4,5,3,2,4,1,1
482,241,4,5,3,2,4,1,1
2290,764,4,5,3,2,4,1,1
2399,845,4,5,3,2,4,1,1
1214,499,4,5,3,2,4,1,1
2822,241,4,5,3,2,4,1,1
2825,10,4,5,3,2,4,1,1
97,10,4,5,3,2,4,1,1
94,10,4,5,3,2,4,1,1
93,10,4,5,3,2,4,1,1
91,10,4,5,3,2,4,1,1
90,10,4,5,3,2,4,1,1
103,10,4,5,3,2,4,1,1
490,10,4,5,3,2,4,1,1
535,10,2,5,11,0,0,3,0
1904,663,2,5,11,2,1,3,0
1917,668,4,5,11,2,3,3,1
1913,664,4,5,11,2,3,3,1
536,10,2,5,11,0,3,3,0
538,10,2,5,11,0,3,3,0
537,10,2,5,11,0,3,3,0
653,344,4,5,5,2,0,1,1
681,348,4,5,5,2,0,1,1
1667,520,4,5,5,2,0,1,1
605,312,4,5,5,2,0,1,1
2205,745,4,5,5,0,0,1,3
1646,524,4,5,5,2,0,1,1
2017,676,4,5,5,2,0,1,1
616,310,4,5,5,2,0,1,1
2410,856,4,5,5,2,0,1,1
1176,10,4,5,5,0,0,1,3
2639,980,4,5,5,2,0,1,1
1643,10,4,5,5,0,0,1,3
1647,10,4,5,5,0,0,1,3
425,209,4,5,5,2,0,1,1
564,279,4,5,5,2,0,1,1
2434,883,4,5,5,2,0,1,1
2035,10,4,5,5,0,1,1,3
664,10,4,5,5,2,4,1,1
678,10,4,5,5,2,4,1,1
1669,525,4,5,5,2,4,1,1
2092,961,4,5,5,2,4,1,1
733,380,4,5,5,2,4,1,1
2685,521,4,5,5,2,4,1,1
1645,524,4,5,5,2,4,1,1
702,343,4,5,5,2,4,1,1
618,314,4,5,5,2,4,1,1
1670,526,4,5,5,2,4,1,1
2384,830,4,5,5,2,4,1,1
2400,846,4,5,5,2,4,1,1
1648,521,4,5,5,2,4,1,1
656,344,4,5,5,2,4,1,1
680,358,4,5,5,2,4,1,1
606,311,4,5,5,2,4,1,1
706,348,4,5,5,2,4,1,1
1895,643,4,5,5,2,4,1,1
202,344,4,5,5,2,4,1,1
2834,521,4,5,5,2,4,1,1
2833,524,4,5,5,2,4,1,1
1443,10,4,5,5,2,4,1,1
2387,833,4,5,5,2,4,1,1
2742,717,4,5,5,2,4,1,1
1759,958,4,5,5,2,4,1,1
96,10,4,5,5,2,4,1,1
95,10,4,5,5,2,4,1,1
89,10,4,5,5,2,4,1,1
88,10,4,5,5,2,4,1,1
87,10,4,5,5,2,4,1,1
86,10,4,5,5,2,4,1,1
81,10,4,5,5,2,4,1,1
937,10,4,5,5,2,4,1,1
440,332,4,5,6,0,0,1,3
560,273,4,5,6,2,0,1,1
539,265,4,5,12,2,0,3,1
650,10,2,5,12,0,0,3,0
970,10,6,5,12,0,1,3,3
531,10,3,5,12,0,1,3,3
400,10,5,5,12,0,1,3,3
2084,703,5,5,12,0,2,3,3
2878,717,4,5,12,2,3,3,1
1203,10,2,5,12,0,3,3,0
609,10,2,5,12,0,3,3,0
2658,10,4,5,12,0,3,3,3
2671,81,4,5,12,0,3,3,3
328,477,2,5,12,0,3,3,0
2127,717,4,5,12,2,4,3,1
642,332,4,5,12,2,4,3,1
1431,10,4,5,12,2,4,3,1
1566,10,4,5,12,2,4,3,1
2714,10,4,5,12,2,4,3,1
785,422,5,5,7,0,2,3,3
456,10,4,5,7,0,3,3,3
957,446,4,5,7,2,4,3,1
2590,937,4,6,0,2,4,1,1
307,125,4,6,0,2,4,1,1
2063,684,4,6,1,2,0,1,1
2065,686,4,6,1,2,0,1,1
2595,942,4,6,1,0,0,1,3
2297,774,4,6,1,0,0,1,3
2303,782,4,6,1,2,0,1,1
459,10,4,6,9,0,0,3,3
2278,10,4,6,5,0,0,1,3
2062,10,4,6,5,0,0,1,3
2302,781,4,6,5,0,0,1,3
2061,10,4,6,5,0,0,1,3
2277,10,4,6,5,0,0,1,3
2262,10,4,6,5,0,1,1,3
2073,692,4,6,5,0,1,1,3
756,404,4,6,5,2,3,1,1
2646,405,4,6,5,2,3,1,1
2343,802,4,6,5,2,4,1,1
2208,10,6,6,12,0,0,3,3
713,355,6,6,12,2,0,3,2
2902,10,4,6,12,0,0,3,3
2582,10,4,6,12,0,0,3,3
2118,10,4,6,12,0,0,3,3
1787,866,4,6,12,2,4,3,2
2122,712,4,6,12,2,4,3,2
469,10,4,6,12,2,4,3,2
2285,10,4,6,3,0,0,1,3
499,10,4,6,3,0,0,1,3
2380,825,4,6,3,2,4,1,1
2901,10,5,6,2,0,2,1,3
1774,10,5,6,4,0,1,1,3
1215,10,4,7,0,0,0,1,3
1217,10,3,7,0,0,1,1,3
1104,10,4,7,0,2,4,1,1
2796,10,4,7,0,2,4,1,1
856,10,4,7,0,2,4,1,1
2108,21,5,7,8,2,1,3,2
370,166,3,7,1,2,0,1,1
345,170,3,7,1,2,0,1,1
1776,10,3,7,1,0,0,1,3
1775,10,1,7,1,0,0,1,0
2794,10,4,7,1,2,4,1,1
1739,560,4,7,9,2,0,3,2
2708,10,4,7,9,2,4,3,2
2788,10,4,7,9,2,4,3,2
2431,879,4,7,5,2,4,1,1
1392,10,4,7,5,2,4,1,1
877,10,4,7,5,2,4,1,1
885,10,4,7,5,2,4,1,1
2661,10,4,7,12,0,3,3,3
2440,889,4,7,3,2,0,1,1
2144,10,4,7,3,0,0,1,3
506,250,4,7,3,2,4,1,1
2799,10,4,7,3,2,4,1,1
123,10,4,7,10,2,4,3,2
991,456,4,7,2,2,0,1,1
2445,894,4,7,2,2,0,1,1
2624,976,4,7,2,2,0,1,1
990,10,4,7,2,0,0,1,3
2613,966,4,7,2,0,1,1,3
1866,618,5,7,2,2,1,1,1
1763,10,5,7,2,2,2,1,1
2266,10,5,7,2,0,2,1,3
1847,10,5,7,2,0,2,1,3
2030,10,5,7,2,2,2,1,1
2267,10,5,7,2,0,3,1,3
2013,10,4,7,2,0,3,1,3
2860,10,4,7,2,2,4,1,1
2858,10,4,7,2,2,4,1,1
2859,10,4,7,2,2,4,1,1
1838,607,4,7,2,2,4,1,1
595,300,4,7,2,2,4,1,1
260,105,5,7,2,2,4,1,1
2347,804,4,7,2,2,4,1,1
832,12,4,7,2,2,4,1,1
994,459,4,7,2,2,4,1,1
1835,604,5,7,2,2,4,1,1
2010,459,4,7,2,2,4,1,1
1004,465,4,7,2,2,4,1,1
1010,10,4,7,2,2,4,1,1
1021,10,4,7,2,2,4,1,1
1124,10,4,7,2,2,4,1,1
1138,10,4,7,2,2,4,1,1
1074,10,4,7,2,2,4,1,1
1089,10,4,7,2,2,4,1,1
1098,10,4,7,2,2,4,1,1
1099,10,4,7,2,2,4,1,1
1101,10,4,7,2,2,4,1,1
2862,1017,4,7,2,2,4,1,1
1209,10,4,7,2,2,4,1,1
373,169,4,7,2,2,4,1,1
2787,10,4,7,2,2,4,1,1
1291,10,4,7,2,2,4,1,1
1373,10,4,7,2,2,4,1,1
1402,10,4,7,2,2,4,1,1
1288,10,4,7,2,2,4,1,1
1466,10,4,7,2,2,4,1,1
1272,10,4,7,2,2,4,1,1
1273,10,4,7,2,2,4,1,1
1580,10,4,7,2,2,4,1,1
1271,10,4,7,2,2,4,1,1
1280,10,4,7,2,2,4,1,1
1342,10,4,7,2,2,4,1,1
1374,10,4,7,2,2,4,1,1
2725,190,4,7,2,2,4,1,1
2105,705,4,7,2,2,4,1,1
1821,598,4,7,2,2,4,1,1
124,10,4,7,2,2,4,1,1
746,393,4,7,2,2,4,1,1
1907,656,4,7,11,2,4,3,2
787,425,4,7,7,2,0,3,2
648,10,4,7,7,0,2,3,3
291,10,3,8,0,0,0,0,3
2574,10,5,8,0,2,1,0,2
1179,10,5,8,8,0,1,2,3
338,157,4,8,1,2,0,0,2
547,10,1,8,1,0,0,0,0
2651,988,3,8,1,0,0,0,3
2224,10,1,8,1,0,0,0,0
2135,10,1,8,1,0,0,0,0
2133,10,1,8,1,0,0,0,0
2512,10,1,8,1,0,0,0,0
2138,720,4,8,1,2,0,0,2
1186,10,1,8,1,0,0,0,0
2887,10,1,8,1,0,0,0,0
546,10,1,8,1,0,0,0,0
998,167,3,8,1,2,0,0,2
387,184,4,8,1,2,0,0,2
2222,184,4,8,1,2,0,0,2
2649,10,3,8,1,0,0,0,3
2648,10,3,8,1,0,3,0,3
999,10,3,8,1,0,3,0,3
2627,184,4,8,1,0,3,0,3
2513,10,4,8,1,0,3,0,3
1189,10,3,8,1,0,3,0,3
2182,10,3,8,1,0,3,0,3
2003,10,1,8,1,0,3,0,0
2531,10,1,8,1,0,3,0,0
1187,10,1,8,1,0,3,0,0
138,10,4,8,1,2,4,0,2
1731,550,4,8,9,2,0,2,2
1719,555,4,8,9,2,0,2,2
2405,852,4,8,9,0,0,2,3
2447,555,4,8,9,2,0,2,2
2225,10,4,8,9,0,0,2,3
2413,858,4,8,9,2,0,2,2
1717,10,4,8,9,0,1,2,3
242,10,4,8,9,0,1,2,3
2043,10,4,8,9,0,3,2,3
2045,10,4,8,9,0,3,2,3
1718,10,4,8,9,0,3,2,3
634,10,4,8,9,0,3,2,3
2223,402,4,8,5,0,0,0,3
2629,402,4,8,5,2,0,0,2
2855,10,2,8,5,0,0,0,0
674,10,4,8,5,2,4,0,2
688,10,4,8,5,2,4,0,2
121,10,4,8,5,2,4,0,2
465,231,2,8,12,0,0,2,0
461,230,2,8,12,2,0,2,0
2471,911,0,8,12,0,0,2,0
1848,10,5,8,12,0,1,2,3
532,10,5,8,12,0,2,2,3
2662,10,4,8,12,0,3,2,3
462,10,2,8,12,0,3,2,0
2137,10,6,8,12,0,3,2,3
2271,10,5,8,12,0,3,2,3
1178,472,4,8,12,0,3,2,3
2248,10,4,8,12,2,3,2,2
1863,615,4,8,3,2,4,0,2
2598,948,4,8,3,2,4,0,2
1852,623,4,8,10,0,0,2,3
989,459,3,8,10,2,0,2,2
2190,10,4,8,10,0,0,2,3
2274,591,4,8,10,2,0,2,2
2579,10,4,8,10,0,0,2,3
2507,74,4,8,10,0,1,2,3
1851,623,4,8,10,2,4,2,2
2096,593,4,8,10,2,4,2,2
1870,623,4,8,10,2,4,2,2
2270,591,4,8,10,2,4,2,2
2452,901,4,8,10,2,4,2,2
1809,591,4,8,10,2,4,2,2
1803,593,4,8,10,2,4,2,2
2449,897,4,8,10,2,4,2,2
1849,623,4,8,10,2,4,2,2
215,591,4,8,10,2,4,2,2
2832,623,4,8,10,2,4,2,2
125,10,4,8,10,2,4,2,2
131,10,4,8,10,2,4,2,2
2009,459,4,8,2,0,0,0,3
2615,968,5,8,2,0,0,0,3
1824,10,2,8,2,2,0,0,0
1766,1011,2,8,2,2,0,0,0
1814,10,5,8,2,2,0,0,2
1640,509,5,8,2,0,0,0,3
1995,10,2,8,2,2,0,0,0
1867,619,5,8,2,2,1,0,2
181,10,5,8,2,0,1,0,3
2900,1043,5,8,2,2,1,0,2
2715,10,5,8,2,2,1,0,2
2143,10,4,8,2,2,3,0,2
1765,10,5,8,2,0,3,0,3
1632,10,2,8,2,2,3,0,0
1218,10,5,8,2,0,3,0,3
1823,10,2,8,2,2,3,0,0
246,10,5,8,2,0,3,0,3
2437,886,5,8,2,0,3,0,3
1208,10,5,8,2,0,3,0,3
449,10,4,8,2,2,4,0,2
2611,964,5,8,2,2,4,0,2
2196,737,5,8,2,2,4,0,2
1009,10,4,8,2,2,4,0,2
1012,10,4,8,2,2,4,0,2
1168,10,5,8,2,2,4,0,2
1022,10,4,8,2,2,4,0,2
1023,10,4,8,2,2,4,0,2
1024,10,4,8,2,2,4,0,2
1119,10,4,8,2,2,4,0,2
1102,10,4,8,2,2,4,0,2
1107,10,4,8,2,2,4,0,2
1108,10,4,8,2,2,4,0,2
2360,10,4,8,2,2,4,0,2
2732,473,4,8,2,2,4,0,2
139,10,4,8,2,2,4,0,2
993,458,4,8,4,0,0,0,3
1868,620,5,8,4,0,1,0,3
2846,10,5,8,4,0,1,0,3
2269,10,5,8,4,0,1,0,3
255,101,5,8,4,0,1,0,3
2233,10,5,8,4,2,2,0,2
789,428,4,8,7,2,0,2,2
290,429,4,8,7,2,4,2,2
316,134,4,9,0,2,0,0,2
270,743,4,9,0,0,3,0,3
2774,10,4,9,0,2,4,0,2
2773,10,4,9,0,2,4,0,2
2775,10,4,9,0,2,4,0,2
917,10,4,9,0,2,4,0,2
2369,809,4,9,0,2,4,0,2
1802,17,5,9,8,2,1,2,2
424,208,4,9,1,2,0,0,2
375,172,4,9,1,0,3,0,3
2371,811,4,9,1,2,4,0,2
2184,10,4,9,1,2,4,0,2
2337,796,4,9,9,2,4,2,2
848,10,4,9,9,2,4,2,2
850,10,4,9,9,2,4,2,2
851,10,4,9,9,2,4,2,2
866,10,4,9,9,2,4,2,2
905,10,4,9,9,2,4,2,2
906,10,4,9,9,2,4,2,2
907,10,4,9,9,2,4,2,2
931,10,4,9,9,2,4,2,2
933,10,4,9,9,2,4,2,2
2057,45,4,9,5,2,4,0,2
740,388,4,9,5,2,4,0,2
1649,531,4,9,5,2,4,0,2
806,345,4,9,5,2,4,0,2
2633,981,4,9,5,2,4,0,2
422,345,4,9,5,2,4,0,2
428,212,4,9,5,2,4,0,2
294,10,4,9,5,2,4,0,2
1459,10,4,9,5,2,4,0,2
1396,10,4,9,5,2,4,0,2
1449,10,4,9,5,2,4,0,2
1453,10,4,9,5,2,4,0,2
1452,10,4,9,5,2,4,0,2
1597,10,4,9,5,2,4,0,2
1530,10,4,9,5,2,4,0,2
2729,345,4,9,5,2,4,0,2
736,383,4,9,5,2,4,0,2
1932,10,4,9,5,2,4,0,2
859,10,4,9,5,2,4,0,2
2884,1032,4,9,12,2,0,2,2
2219,10,4,9,12,0,0,2,3
988,10,4,9,12,0,0,2,3
965,449,4,9,12,0,1,2,3
2049,10,5,9,12,0,2,2,3
268,110,4,9,12,0,3,2,3
1784,42,4,9,12,0,3,2,3
284,530,4,9,12,2,4,2,2
1676,534,4,9,12,2,4,2,2
1892,637,4,9,12,2,4,2,2
219,10,4,9,12,2,4,2,2
272,10,4,9,12,1,4,2,3
271,10,4,9,12,1,4,2,3
1448,10,4,9,12,2,4,2,2
1451,10,4,9,12,2,4,2,2
1290,10,4,9,12,2,4,2,2
1450,10,4,9,12,2,4,2,2
2605,957,4,9,12,2,4,2,2
566,282,4,9,3,2,0,0,2
2312,790,4,9,3,2,0,0,2
558,283,4,9,3,2,0,0,2
2643,985,4,9,3,2,0,0,2
1791,584,4,9,3,2,0,0,2
2635,978,4,9,3,2,0,0,2
2415,860,4,9,3,0,0,0,3
777,254,4,9,3,0,0,0,3
986,10,4,9,3,0,0,0,3
1781,577,4,9,3,2,0,0,2
404,197,4,9,3,2,0,0,2
2638,979,4,9,3,2,4,0,2
496,978,4,9,3,2,4,0,2
2228,283,4,9,3,2,4,0,2
2634,978,4,9,3,2,4,0,2
1213,498,4,9,3,2,4,0,2
1790,583,4,9,3,2,4,0,2
2893,583,4,9,3,2,4,0,2
401,198,4,9,3,2,4,0,2
2354,826,4,9,3,2,4,0,2
2242,10,4,9,3,2,4,0,2
2589,10,4,9,3,2,4,0,2
200,283,4,9,3,2,4,0,2
221,583,4,9,3,2,4,0,2
2835,583,4,9,3,2,4,0,2
2206,746,4,9,10,2,0,2,2
1897,645,4,9,10,0,0,2,3
1900,651,4,9,10,0,0,2,3
2425,872,4,9,10,2,0,2,2
540,10,4,9,10,2,4,2,2
2422,869,4,9,10,2,4,2,2
1881,10,4,9,10,2,4,2,2
2276,646,4,9,10,2,4,2,2
2894,10,4,9,10,2,4,2,2
1755,583,4,9,10,2,4,2,2
2213,10,4,9,10,2,4,2,2
2147,722,4,9,2,2,0,0,2
2145,723,4,9,2,0,0,0,3
2004,10,4,9,2,2,0,0,2
2229,749,4,9,2,2,0,0,2
2895,10,4,9,2,0,0,0,3
2333,10,4,9,2,2,0,0,2
2019,678,4,9,2,2,0,0,2
1762,10,4,9,2,2,0,0,2
2023,10,5,9,2,2,1,0,2
2029,843,5,9,2,2,2,0,2
2619,972,5,9,2,2,2,0,2
475,237,2,9,2,2,3,0,0
2016,675,4,9,2,2,3,0,2
542,87,4,9,2,2,4,0,2
1156,10,4,9,2,2,4,0,2
212,722,4,9,2,2,4,0,2
2827,10,4,9,2,2,4,0,2
1235,10,4,9,2,2,4,0,2
1703,539,4,9,2,2,4,0,2
431,216,4,9,2,2,4,0,2
1681,535,4,9,2,2,4,0,2
2740,10,4,9,2,2,4,0,2
1757,722,4,9,2,2,4,0,2
1916,667,2,9,11,2,0,2,0
529,10,2,9,11,0,1,2,0
858,10,4,9,11,2,4,2,2
763,10,5,9,4,0,1,0,3
533,10,5,9,4,0,2,0,3
2344,10,5,9,4,0,2,0,3
300,117,4,10,0,2,4,0,2
918,10,4,10,0,2,4,0,2
297,114,4,10,0,2,4,0,2
1834,18,5,10,8,2,1,2,2
363,159,3,10,1,0,0,0,3
600,10,3,10,1,0,0,0,3
601,10,3,10,1,0,0,0,3
2172,10,3,10,1,0,0,0,3
2173,730,3,10,1,2,0,0,2
2268,10,3,10,1,0,0,0,3
2626,10,4,10,1,0,0,0,3
2180,10,3,10,1,0,3,0,3
2099,184,4,10,1,2,4,0,2
2688,167,4,10,1,2,4,0,2
2696,184,4,10,1,2,4,0,2
362,157,4,10,1,2,4,0,2
599,157,4,10,1,2,4,0,2
371,167,4,10,1,2,4,0,2
2829,157,4,10,1,2,4,0,2
106,10,4,10,1,2,4,0,2
842,557,4,10,9,2,4,2,2
1728,547,4,10,9,2,4,2,2
1086,10,4,10,9,2,4,2,2
1712,10,4,10,9,2,4,2,2
894,10,4,10,9,2,4,2,2
900,10,4,10,9,2,4,2,2
902,10,4,10,9,2,4,2,2
663,10,4,10,5,2,4,0,2
747,3,4,10,5,2,4,0,2
2686,402,4,10,5,2,4,0,2
2630,402,4,10,5,2,4,0,2
2801,10,4,10,5,2,4,0,2
1499,10,4,10,5,2,4,0,2
1285,10,4,10,5,2,4,0,2
1525,10,4,10,5,2,4,0,2
1284,10,4,10,5,2,4,0,2
1283,10,4,10,5,2,4,0,2
1286,10,4,10,5,2,4,0,2
1282,10,4,10,5,2,4,0,2
724,370,4,10,5,2,4,0,2
2455,904,4,10,5,2,4,0,2
874,10,4,10,5,2,4,0,2
875,10,4,10,5,2,4,0,2
274,10,6,10,12,2,0,2,2
276,10,6,10,12,0,0,2,3
273,10,6,10,12,0,1,2,3
2070,691,4,10,12,0,3,2,3
1713,10,6,10,12,0,3,2,3
2072,690,4,10,12,0,3,2,3
2171,731,4,10,12,2,4,2,2
1205,496,4,10,12,2,4,2,2
1281,10,4,10,12,2,4,2,2
186,603,4,10,12,2,4,2,2
2018,677,4,10,3,2,4,0,2
2291,765,4,10,3,2,4,0,2
510,256,4,10,3,2,4,0,2
2441,890,4,10,3,2,4,0,2
2795,10,4,10,3,2,4,0,2
2247,10,4,10,10,0,0,2,3
286,112,4,10,2,2,0,0,2
1635,10,4,10,2,0,0,0,3
2653,79,5,10,2,2,0,0,2
1630,10,5,10,2,2,1,0,2
541,9,5,10,2,2,1,0,2
2101,10,5,10,2,2,1,0,2
1631,10,5,10,2,2,1,0,2
2161,10,5,10,2,2,2,0,2
2071,689,4,10,2,0,3,0,3
2906,1044,5,10,2,2,4,0,2
2677,112,4,10,2,2,4,0,2
1833,617,4,10,2,2,4,0,2
1634,112,4,10,2,2,4,0,2
283,112,4,10,2,2,4,0,2
1027,10,4,10,2,2,4,0,2
1158,10,5,10,2,2,4,0,2
1045,10,4,10,2,2,4,0,2
1046,10,4,10,2,2,4,0,2
1047,10,4,10,2,2,4,0,2
1054,10,4,10,2,2,4,0,2
1058,10,4,10,2,2,4,0,2
1056,10,4,10,2,2,4,0,2
1057,10,4,10,2,2,4,0,2
1148,10,4,10,2,2,4,0,2
1071,10,4,10,2,2,4,0,2
1114,10,4,10,2,2,4,0,2
1164,10,4,10,2,2,4,0,2
2655,79,4,10,2,2,4,0,2
2881,1029,4,10,2,2,4,0,2
1929,10,4,10,2,2,4,0,2
1982,10,4,10,2,2,4,0,2
596,10,5,10,4,0,1,0,3
527,10,5,10,4,0,1,0,3
588,10,5,10,4,0,2,0,3
2585,10,5,10,4,0,2,0,3
796,437,4,10,7,0,0,2,3
791,431,4,10,7,2,4,2,2
1874,627,4,10,7,2,4,2,2
2069,10,4,11,0,0,3,0,3
2081,700,4,11,0,2,3,0,2
315,133,4,11,0,2,4,0,2
45,10,4,11,0,2,4,0,2
59,10,4,11,0,2,4,0,2
295,113,4,11,0,2,4,0,2
1204,494,4,11,0,2,4,0,2
2201,741,4,11,1,2,0,0,2
2042,861,4,11,1,2,0,0,2
418,154,4,11,1,2,0,0,2
2905,10,4,11,1,0,0,0,3
2102,48,4,11,1,2,0,0,2
2632,10,4,11,1,0,1,0,3
379,176,4,11,1,2,1,0,2
2904,10,4,11,1,0,3,0,3
2119,10,4,11,1,0,3,0,3
339,156,4,11,1,0,3,0,3
2357,10,4,11,1,0,3,0,3
2699,10,4,11,1,2,4,0,2
2683,158,4,11,1,2,4,0,2
421,154,4,11,1,2,4,0,2
359,154,4,11,1,2,4,0,2
2779,10,4,11,1,2,4,0,2
2780,10,4,11,1,2,4,0,2
361,156,4,11,1,2,4,0,2
46,10,4,11,1,2,4,0,2
47,10,4,11,1,2,4,0,2
69,10,4,11,1,2,4,0,2
70,10,4,11,1,2,4,0,2
1725,544,4,11,9,2,0,2,2
245,10,4,11,9,2,0,2,2
2764,10,4,11,9,0,0,2,3
1726,545,4,11,9,2,4,2,2
2830,548,4,11,9,2,4,2,2
860,10,4,11,9,2,4,2,2
867,10,4,11,9,2,4,2,2
2411,856,4,11,9,2,4,2,2
853,10,4,11,9,2,4,2,2
2034,813,4,11,5,2,0,0,2
1674,532,4,11,5,2,0,0,2
420,10,4,11,5,0,0,0,3
1901,652,4,11,5,2,0,0,2
703,345,4,11,5,2,0,0,2
1989,10,4,11,5,0,0,0,3
732,379,4,11,5,2,4,0,2
676,10,4,11,5,2,4,0,2
661,10,4,11,5,2,4,0,2
693,388,4,11,5,2,4,0,2
617,313,4,11,5,2,4,0,2
2680,345,4,11,5,2,4,0,2
1008,10,4,11,5,2,4,0,2
1032,10,4,11,5,2,4,0,2
216,813,4,11,5,2,4,0,2
754,401,4,11,5,2,4,0,2
2373,813,4,11,5,2,4,0,2
2781,10,4,11,5,2,4,0,2
2784,10,4,11,5,2,4,0,2
2783,10,4,11,5,2,4,0,2
1931,10,4,11,5,2,4,0,2
48,10,4,11,5,2,4,0,2
50,10,4,11,5,2,4,0,2
51,10,4,11,5,2,4,0,2
62,10,4,11,5,2,4,0,2
63,10,4,11,5,2,4,0,2
2676,10,4,11,12,2,0,2,2
2675,10,4,11,12,2,0,2,2
258,104,4,11,12,2,0,2,2
2254,254,4,11,3,2,0,0,2
2849,1014,4,11,12,2,0,2,2
2497,64,4,11,12,2,0,2,2
1857,10,4,11,12,2,0,2,2
2669,995,4,11,12,2,0,2,2
1679,10,4,11,12,0,1,2,3
2024,10,4,11,12,0,1,2,3
2470,10,4,11,12,0,3,2,3
2100,10,4,11,12,2,4,2,2
2352,816,4,11,12,2,4,2,2
57,10,4,11,12,2,4,2,2
2381,827,4,11,3,2,0,0,2
2095,583,4,11,3,2,4,0,2
2694,10,4,11,3,2,4,0,2
2032,814,4,11,3,2,4,0,2
2840,254,4,11,3,2,4,0,2
2826,986,4,11,3,2,4,0,2
2782,10,4,11,3,2,4,0,2
49,10,4,11,3,2,4,0,2
52,10,4,11,3,2,4,0,2
53,10,4,11,3,2,4,0,2
54,10,4,11,3,2,4,0,2
60,10,4,11,3,2,4,0,2
65,10,4,11,3,2,4,0,2
66,10,4,11,3,2,4,0,2
67,10,4,11,3,2,4,0,2
68,10,4,11,3,2,4,0,2
71,10,4,11,3,2,4,0,2
72,10,4,11,3,2,4,0,2
177,10,4,11,3,2,4,0,2
2232,753,0,11,10,2,0,2,0
2489,56,4,11,10,2,0,2,2
1818,638,4,11,10,0,0,2,3
1879,640,4,11,10,2,4,2,2
2614,967,4,11,10,2,4,2,2
55,10,4,11,10,2,4,2,2
64,10,4,11,10,2,4,2,2
1992,10,4,11,2,2,0,0,2
2207,23,5,11,2,2,1,0,2
2527,10,5,11,2,2,1,0,2
2845,10,5,11,2,2,1,0,2
1990,10,5,11,2,2,2,0,2
2695,10,4,11,2,2,4,0,2
1025,10,4,11,2,2,4,0,2
2807,10,4,11,2,2,4,0,2
56,10,4,11,2,2,4,0,2
58,10,4,11,2,2,4,0,2
61,10,4,11,2,2,4,0,2
187,660,4,11,11,2,4,2,2
2848,10,4,15,0,0,0,0,3
308,126,4,15,0,2,4,0,2
380,177,4,15,1,2,0,0,2
358,153,4,15,1,2,0,0,2
549,10,1,15,1,0,1,0,0
2514,10,1,15,1,0,1,0,0
2404,850,4,15,1,2,4,0,2
1736,557,4,15,9,2,0,2,2
2608,960,4,15,5,2,0,0,2
2609,962,4,15,5,2,0,0,2
731,378,4,15,5,2,4,0,2
2568,961,4,15,5,2,4,0,2
2391,837,4,15,5,2,4,0,2
1845,10,4,12,12,0,0,2,3
1846,10,4,12,12,0,0,2,3
2272,10,4,12,12,0,0,2,3
513,259,4,15,3,2,0,0,2
509,255,4,15,3,2,0,0,2
2504,71,4,15,10,2,0,2,2
1820,10,4,15,10,2,0,2,2
521,10,4,15,10,0,0,2,3
2485,52,4,15,10,2,0,2,2
2509,76,4,15,10,2,0,2,2
1893,639,4,15,10,2,4,2,2
1884,10,4,15,10,2,4,2,2
2505,72,4,15,10,2,4,2,2
1684,10,4,12,2,0,0,0,3
1683,10,4,12,2,0,1,0,3
2012,10,4,12,2,0,1,0,3
2331,10,5,12,2,2,1,0,2
2015,10,5,12,2,2,2,0,2
2241,10,4,15,4,0,1,0,3
2443,892,4,13,0,2,0,0,2
2547,10,4,13,0,0,1,0,3
1216,10,4,13,0,0,3,0,3
969,10,4,13,0,0,3,0,3
453,10,4,13,0,2,4,0,2
325,142,4,13,0,2,4,0,2
2519,136,3,13,0,2,4,0,2
1029,10,4,13,0,2,4,0,2
2818,10,4,13,0,2,4,0,2
908,10,4,13,0,2,4,0,2
857,10,4,13,0,2,4,0,2
311,129,4,13,0,2,4,0,2
299,116,4,13,0,2,4,0,2
2543,927,4,13,0,2,4,0,2
327,145,4,13,0,2,4,0,2
303,120,4,13,0,2,4,0,2
2162,22,5,13,8,2,1,2,2
552,10,1,13,1,0,0,0,0
342,149,4,13,1,2,0,0,2
356,150,3,13,1,2,0,0,2
2156,726,1,13,1,2,0,0,0
2139,721,1,13,1,1,0,0,0
1184,10,1,13,1,0,0,0,0
390,187,4,13,1,2,0,0,2
2020,10,1,13,1,0,0,0,0
2008,674,4,13,1,1,0,0,2
463,10,3,13,1,0,0,0,3
2877,10,4,13,1,0,0,0,3
2545,10,3,13,1,0,0,0,3
351,149,4,13,1,2,0,0,2
368,164,4,13,1,2,0,0,2
366,162,4,13,1,1,0,0,2
2490,57,4,13,1,2,0,0,2
386,183,4,13,1,2,0,0,2
335,147,4,13,1,2,0,0,2
1185,10,1,13,1,0,0,0,0
372,168,4,13,1,1,0,0,2
1169,468,4,13,1,2,0,0,2
388,185,4,13,1,2,0,0,2
2529,10,1,13,1,0,0,0,0
2155,725,1,13,1,2,0,0,0
355,149,4,13,1,2,0,0,2
2908,86,4,13,1,2,0,0,2
1690,10,4,13,1,0,0,0,3
1692,10,1,13,1,0,0,0,0
381,178,4,13,1,2,0,0,2
972,10,1,13,1,0,0,0,0
382,179,4,13,1,2,0,0,2
2427,874,4,13,1,1,0,0,2
353,151,4,13,1,2,0,0,2
548,10,1,13,1,0,0,0,0
976,10,4,13,1,0,1,0,3
377,174,4,13,1,2,3,0,2
2528,10,1,13,1,0,3,0,0
567,284,4,13,1,2,3,0,2
981,10,4,13,1,0,3,0,3
369,165,4,13,1,2,3,0,2
2541,10,4,13,1,0,3,0,3
341,165,4,13,1,2,3,0,2
464,10,4,13,1,0,3,0,3
2515,10,1,13,1,0,3,0,0
2136,10,1,13,1,0,3,0,0
980,164,4,13,1,2,3,0,2
385,182,4,13,1,2,3,0,2
2544,10,3,13,1,0,3,0,3
1202,10,1,13,1,0,3,0,0
2511,10,1,13,1,0,3,0,0
2181,10,3,13,1,0,3,0,3
2085,149,4,13,1,2,4,0,2
2088,148,4,13,1,2,4,0,2
2691,149,4,13,1,2,4,0,2
2678,164,4,13,1,2,4,0,2
2538,149,4,13,1,2,4,0,2
984,10,4,13,1,2,4,0,2
347,162,4,13,1,2,4,0,2
2169,731,4,13,1,2,4,0,2
352,149,4,13,1,2,4,0,2
343,167,4,13,1,2,4,0,2
195,149,4,13,1,2,4,0,2
2129,10,4,13,1,2,4,0,2
319,10,4,13,1,2,4,0,2
2843,149,4,13,1,2,4,0,2
2776,10,4,13,1,2,4,0,2
2777,10,4,13,1,2,4,0,2
2778,10,4,13,1,2,4,0,2
1709,10,4,13,1,2,4,0,2
1744,149,4,13,1,2,4,0,2
1746,157,4,13,1,2,4,0,2
117,10,4,13,1,2,4,0,2
118,10,4,13,1,2,4,0,2
332,10,4,13,1,2,4,0,2
982,10,4,13,9,0,0,2,3
1721,10,4,13,9,0,0,2,3
995,462,4,13,9,2,0,2,2
1716,10,4,13,9,0,0,2,3
2408,854,4,13,9,1,1,2,2
1735,554,4,13,9,2,3,2,2
1737,558,4,13,9,2,3,2,2
1740,561,4,13,9,2,3,2,2
1734,553,4,13,9,2,3,2,2
1729,16,2,13,9,2,3,2,0
2350,854,4,13,9,2,3,2,2
2148,724,4,13,9,2,4,2,2
643,333,4,13,9,2,4,2,2
820,462,4,13,9,2,4,2,2
827,558,4,13,9,2,4,2,2
644,334,4,13,9,2,4,2,2
826,556,4,13,9,2,4,2,2
2407,853,4,13,9,2,4,2,2
1730,549,4,13,9,2,4,2,2
1163,10,4,13,9,2,4,2,2
1141,10,4,13,9,2,4,2,2
2711,10,4,13,9,2,4,2,2
2707,10,4,13,9,2,4,2,2
997,462,4,13,9,2,4,2,2
1385,10,4,13,9,2,4,2,2
1386,10,4,13,9,2,4,2,2
1387,10,4,13,9,2,4,2,2
719,461,4,13,9,2,4,2,2
2214,10,4,13,9,2,4,2,2
849,10,4,13,9,2,4,2,2
854,10,4,13,9,2,4,2,2
862,10,4,13,9,2,4,2,2
863,10,4,13,9,2,4,2,2
864,10,4,13,9,2,4,2,2
881,10,4,13,9,2,4,2,2
892,10,4,13,9,2,4,2,2
898,10,4,13,9,2,4,2,2
899,10,4,13,9,2,4,2,2
903,10,4,13,9,2,4,2,2
927,10,4,13,9,2,4,2,2
893,10,4,13,9,2,4,2,2
901,10,4,13,9,2,4,2,2
996,10,4,13,9,2,4,2,2
683,460,4,13,5,2,0,0,2
751,397,4,13,5,2,0,0,2
687,396,4,13,5,2,0,0,2
737,385,4,13,5,2,0,0,2
2532,339,4,13,5,2,0,0,2
758,407,4,13,5,2,0,0,2
741,389,2,13,5,2,0,0,0
753,399,4,13,5,2,0,0,2
701,412,4,13,5,2,0,0,2
696,10,4,13,5,0,1,0,3
759,408,4,13,5,2,3,0,2
718,363,4,13,5,2,3,0,2
2355,10,4,13,5,0,3,0,3
725,371,2,13,5,2,3,0,0
728,375,4,13,5,2,3,0,2
690,10,4,13,5,0,3,0,3
695,10,4,13,5,0,3,0,3
652,10,4,13,5,0,3,0,3
722,367,2,13,5,2,3,0,0
694,10,4,13,5,0,3,0,3
451,10,4,13,5,2,4,0,2
672,10,4,13,5,2,4,0,2
2444,893,4,13,5,2,4,0,2
662,10,4,13,5,2,4,0,2
679,10,4,13,5,2,4,0,2
2309,788,4,13,5,2,4,0,2
812,364,4,13,5,2,4,0,2
750,396,4,13,5,2,4,0,2
711,353,4,13,5,2,4,0,2
2430,878,4,13,5,2,4,0,2
1060,10,4,13,5,2,4,0,2
1062,10,4,13,5,2,4,0,2
2800,10,4,13,5,2,4,0,2
2356,10,4,13,5,2,4,0,2
1711,10,4,13,5,2,4,0,2
1522,10,4,13,5,2,4,0,2
1262,10,4,13,5,2,4,0,2
1505,10,4,13,5,2,4,0,2
1504,10,4,13,5,2,4,0,2
1608,10,4,13,5,2,4,0,2
1409,10,4,13,5,2,4,0,2
1609,10,4,13,5,2,4,0,2
1599,10,4,13,5,2,4,0,2
1600,10,4,13,5,2,4,0,2
1226,10,4,13,5,2,4,0,2
1473,10,4,13,5,2,4,0,2
1481,10,4,13,5,2,4,0,2
1482,10,4,13,5,2,4,0,2
1610,10,4,13,5,2,4,0,2
1287,10,4,13,5,2,4,0,2
1595,10,4,13,5,2,4,0,2
1517,10,4,13,5,2,4,0,2
1588,10,4,13,5,2,4,0,2
1524,10,4,13,5,2,4,0,2
1470,10,4,13,5,2,4,0,2
1406,10,4,13,5,2,4,0,2
1363,10,4,13,5,2,4,0,2
1523,10,4,13,5,2,4,0,2
1607,10,4,13,5,2,4,0,2
1249,10,4,13,5,2,4,0,2
1590,10,4,13,5,2,4,0,2
1584,10,4,13,5,2,4,0,2
1242,10,4,13,5,2,4,0,2
1471,10,4,13,5,2,4,0,2
1407,10,4,13,5,2,4,0,2
1518,10,4,13,5,2,4,0,2
735,382,4,13,5,2,4,0,2
2730,384,4,13,5,2,4,0,2
2393,839,4,13,5,2,4,0,2
2731,400,4,13,5,2,4,0,2
2388,834,4,13,5,2,4,0,2
1760,368,4,13,5,2,4,0,2
178,29,4,13,5,2,4,0,2
1936,10,4,13,5,2,4,0,2
723,369,4,13,5,2,4,0,2
1941,10,4,13,5,2,4,0,2
1964,10,4,13,5,2,4,0,2
1965,10,4,13,5,2,4,0,2
1980,10,4,13,5,2,4,0,2
119,10,4,13,5,2,4,0,2
120,10,4,13,5,2,4,0,2
752,398,4,13,5,2,4,0,2
2721,1002,6,13,12,2,0,2,2
2351,10,2,13,12,0,0,2,0
398,193,6,13,12,2,0,2,2
436,10,0,13,12,2,0,2,0
1206,495,4,13,12,2,0,2,2
2461,10,0,13,12,0,0,2,0
2885,1033,4,13,12,2,0,2,2
2907,10,6,13,12,0,0,2,3
977,10,2,13,12,0,0,2,0
2880,10,4,13,12,0,0,2,3
417,207,2,13,12,2,1,2,0
287,10,6,13,12,0,1,2,3
2468,910,6,13,12,2,1,2,2
384,181,4,13,12,2,1,2,2
2670,996,4,13,12,2,1,2,2
1677,10,5,13,12,0,1,2,3
2465,10,6,13,12,2,3,2,2
473,235,2,13,12,2,3,2,0
761,411,4,13,12,2,3,2,2
2359,10,2,13,12,0,3,2,0
570,10,6,13,12,0,3,2,3
2361,10,2,13,12,0,3,2,0
2209,10,6,13,12,0,3,2,3
2432,881,2,13,12,2,3,2,0
2366,10,2,13,12,0,3,2,0
2746,10,2,13,12,0,3,2,0
2362,10,2,13,12,0,3,2,0
471,10,2,13,12,2,3,2,0
2240,10,6,13,12,0,3,2,3
2448,896,4,13,12,2,3,2,2
524,10,6,13,12,0,3,2,3
354,10,4,13,12,0,3,2,3
639,10,0,13,12,0,3,2,0
2125,715,0,13,12,2,4,2,0
1633,506,4,13,12,2,4,2,2
454,10,4,13,12,2,4,2,2
452,10,4,13,12,2,4,2,2
2539,10,4,13,12,2,4,2,2
2701,10,4,13,12,2,4,2,2
1788,580,4,13,12,2,4,2,2
655,340,4,13,12,2,4,2,2
1560,10,4,13,12,2,4,2,2
1586,10,4,13,12,2,4,2,2
1589,10,4,13,12,2,4,2,2
1606,10,4,13,12,2,4,2,2
1602,10,4,13,12,2,4,2,2
1562,10,4,13,12,2,4,2,2
1592,10,4,13,12,2,4,2,2
1615,10,4,13,12,2,4,2,2
1421,10,4,13,12,2,4,2,2
1587,10,4,13,12,2,4,2,2
1619,10,4,13,12,2,4,2,2
1614,10,4,13,12,2,4,2,2
1370,10,4,13,12,2,4,2,2
1511,10,4,13,12,2,4,2,2
1225,10,4,13,12,2,4,2,2
1593,10,4,13,12,2,4,2,2
1585,10,4,13,12,2,4,2,2
1583,10,4,13,12,2,4,2,2
1611,10,4,13,12,2,4,2,2
1248,10,4,13,12,2,4,2,2
1564,10,4,13,12,2,4,2,2
1574,10,4,13,12,2,4,2,2
188,925,4,13,12,2,4,2,2
486,10,4,13,3,0,0,0,3
484,10,4,13,3,0,0,0,3
1710,10,4,13,3,2,4,0,2
2363,899,4,13,10,2,0,2,2
2551,932,0,13,10,2,0,2,0
1806,597,4,13,10,2,0,2,2
778,418,0,13,10,2,0,2,0
2007,673,4,13,10,2,0,2,2
2005,10,4,13,10,0,0,2,3
2552,932,0,13,10,2,0,2,0
1885,10,4,13,10,2,0,2,2
2484,51,4,13,10,2,0,2,2
1804,593,4,13,10,2,0,2,2
2750,1047,0,13,10,2,0,2,0
2623,975,0,13,10,2,0,2,0
2749,1046,0,13,10,2,0,2,0
2177,10,0,13,10,0,0,2,0
2498,65,4,13,10,2,0,2,2
1854,10,4,13,10,2,0,2,2
2275,778,4,13,10,2,0,2,2
2501,68,4,13,10,2,1,2,2
1816,10,4,13,10,0,3,2,3
1812,596,4,13,10,2,4,2,2
2689,468,4,13,10,2,4,2,2
1805,593,4,13,10,2,4,2,2
2300,779,4,13,10,2,4,2,2
2495,62,4,13,10,2,4,2,2
1877,10,4,13,10,2,4,2,2
2446,895,4,13,10,2,4,2,2
2006,672,4,13,10,2,4,2,2
247,10,4,13,10,2,4,2,2
2628,184,4,13,10,2,4,2,2
2364,899,4,13,10,2,4,2,2
1172,468,4,13,10,2,4,2,2
2500,67,4,13,10,2,4,2,2
1170,468,4,13,10,1,4,2,2
1807,597,4,13,10,2,4,2,2
210,597,4,13,10,2,4,2,2
1810,592,4,13,10,2,4,2,2
2838,593,4,13,10,2,4,2,2
2842,899,4,13,10,2,4,2,2
2836,597,4,13,10,2,4,2,2
2130,10,4,13,10,2,4,2,2
1756,597,4,13,10,2,4,2,2
2450,898,4,13,10,2,4,2,2
1753,468,4,13,10,2,4,2,2
122,10,4,13,10,2,4,2,2
126,10,4,13,10,2,4,2,2
127,10,4,13,10,2,4,2,2
128,10,4,13,10,2,4,2,2
129,10,4,13,10,2,4,2,2
132,10,4,13,10,2,4,2,2
133,10,4,13,10,2,4,2,2
134,10,4,13,10,2,4,2,2
135,10,4,13,10,2,4,2,2
136,10,4,13,10,2,4,2,2
1707,14,0,13,2,2,0,0,0
971,451,4,13,2,2,0,0,2
2348,805,2,13,2,2,0,0,0
446,225,4,13,2,2,0,0,2
468,232,2,13,2,2,0,0,0
470,234,0,13,2,2,0,0,0
2745,10,0,13,2,2,0,0,0
2245,101,2,13,2,1,0,0,0
1705,540,2,13,2,2,0,0,0
266,109,4,13,2,2,0,0,2
441,737,4,13,2,2,0,0,2
233,10,2,13,2,0,0,0,0
2751,1048,0,13,2,2,0,0,0
2217,10,2,13,2,0,0,0,0
629,326,2,13,2,2,0,0,0
444,1017,4,13,2,2,0,0,2
2861,10,0,13,2,2,0,0,0
1800,589,4,13,2,2,0,0,2
1700,538,2,13,2,2,0,0,0
2048,679,2,13,2,2,0,0,0
2530,101,2,13,2,2,0,0,0
180,30,2,13,2,2,1,0,0
2463,908,2,13,2,2,1,0,0
1780,576,5,13,2,2,1,0,2
1680,10,5,13,2,2,1,0,2
234,10,5,13,2,0,1,0,3
1873,626,5,13,2,2,1,0,2
2028,10,5,13,2,2,1,0,2
2577,10,5,13,2,2,1,0,2
1828,10,5,13,2,2,1,0,2
2176,10,5,13,2,0,2,0,3
2021,10,5,13,2,2,2,0,2
2022,10,5,13,2,2,2,0,2
2572,10,5,13,2,2,2,0,2
2718,999,4,13,2,2,3,0,2
2517,914,2,13,2,2,3,0,0
2644,10,2,13,2,2,3,0,0
2332,10,2,13,2,2,3,0,0
2871,1026,4,13,2,2,3,0,2
2473,10,2,13,2,0,3,0,0
2535,923,2,13,2,2,3,0,0
1794,10,0,13,2,2,3,0,0
2325,10,2,13,2,2,3,0,0
2131,719,2,13,2,2,3,0,0
2622,10,2,13,2,0,3,0,0
2329,797,4,13,2,2,3,0,2
1855,10,5,13,2,0,3,0,3
949,10,0,13,2,0,3,0,0
2438,887,4,13,2,2,3,0,2
628,10,0,13,2,0,3,0,0
2163,10,2,13,2,2,3,0,0
2854,10,0,13,2,0,3,0,0
2185,10,2,13,2,0,3,0,0
968,10,0,13,2,0,3,0,0
1701,537,2,13,2,2,3,0,0
472,233,2,13,2,2,3,0,0
1825,10,2,13,2,2,3,0,0
2474,10,0,13,2,0,3,0,0
1210,12,0,13,2,2,3,0,0
1704,540,0,13,2,2,3,0,0
2537,10,2,13,2,0,3,0,0
2234,754,2,13,2,2,3,0,0
1638,507,2,13,2,2,3,0,0
1002,464,2,13,2,2,3,0,0
476,238,2,13,2,2,3,0,0
2520,916,2,13,2,2,3,0,0
1706,541,2,13,2,2,3,0,0
1699,10,2,13,2,2,3,0,0
2191,10,4,13,2,2,4,0,2
261,106,5,13,2,2,4,0,2
2246,756,4,13,2,2,4,0,2
1782,578,4,13,2,2,4,0,2
2365,896,4,13,2,1,4,0,2
2322,793,0,13,2,2,4,0,0
2540,468,2,13,2,1,4,0,0
2869,1024,4,13,2,2,4,0,2
2863,1018,4,13,2,2,4,0,2
2546,928,4,13,2,2,4,0,2
1795,589,4,13,2,2,4,0,2
2864,1019,4,13,2,2,4,0,2
450,10,4,13,2,2,4,0,2
2187,10,4,13,2,2,4,0,2
800,225,4,13,2,2,4,0,2
844,1011,4,13,2,2,4,0,2
2158,728,4,13,2,2,4,0,2
836,754,4,13,2,2,4,0,2
824,101,4,13,2,2,4,0,2
840,923,4,13,2,2,4,0,2
1702,538,4,13,2,2,4,0,2
841,10,0,13,2,2,4,0,0
2439,888,4,13,2,2,4,0,2
821,464,4,13,2,2,4,0,2
321,138,4,13,2,2,4,0,2
1639,508,4,13,2,2,4,0,2
1770,568,4,13,2,2,4,0,2
393,188,4,13,2,2,4,0,2
2518,915,4,13,2,2,4,0,2
460,229,4,13,2,2,4,0,2
442,225,4,13,2,2,4,0,2
801,451,4,13,2,2,4,0,2
445,1017,4,13,2,2,4,0,2
2280,10,4,13,2,2,4,0,2
1151,10,4,13,2,2,4,0,2
1007,10,4,13,2,2,4,0,2
1013,10,4,13,2,2,4,0,2
1016,10,4,13,2,2,4,0,2
1018,10,4,13,2,2,4,0,2
1154,10,4,13,2,2,4,0,2
1155,10,4,13,2,2,4,0,2
1020,10,4,13,2,2,4,0,2
1161,10,4,13,2,2,4,0,2
1030,10,4,13,2,2,4,0,2
1031,10,4,13,2,2,4,0,2
1165,10,4,13,2,2,4,0,2
1166,10,5,13,2,2,4,0,2
1167,10,4,13,2,2,4,0,2
1038,10,4,13,2,2,4,0,2
1127,10,0,13,2,2,4,0,0
1040,10,4,13,2,2,4,0,2
1041,10,4,13,2,2,4,0,2
1043,10,4,13,2,2,4,0,2
1014,10,4,13,2,2,4,0,2
1048,10,4,13,2,2,4,0,2
1049,10,4,13,2,2,4,0,2
1055,10,4,13,2,2,4,0,2
1059,10,4,13,2,2,4,0,2
1067,10,4,13,2,2,4,0,2
1068,10,4,13,2,2,4,0,2
1142,10,4,13,2,2,4,0,2
1143,10,4,13,2,2,4,0,2
1147,10,4,13,2,2,4,0,2
1149,10,4,13,2,2,4,0,2
1150,10,4,13,2,2,4,0,2
1070,10,4,13,2,2,4,0,2
1075,10,4,13,2,2,4,0,2
1078,10,4,13,2,2,4,0,2
1079,10,4,13,2,2,4,0,2
1083,10,4,13,2,2,4,0,2
1084,10,4,13,2,2,4,0,2
1085,10,4,13,2,2,4,0,2
1118,10,4,13,2,2,4,0,2
1117,10,4,13,2,2,4,0,2
1093,10,4,13,2,2,4,0,2
1100,10,4,13,2,2,4,0,2
1106,10,4,13,2,2,4,0,2
1042,10,4,13,2,2,4,0,2
1126,10,4,13,2,2,4,0,2
1153,10,4,13,2,2,4,0,2
208,538,4,13,2,2,4,0,2
196,225,4,13,2,2,4,0,2
1211,497,4,13,2,2,4,0,2
2821,339,4,13,2,2,4,0,2
2785,10,4,13,2,2,4,0,2
2786,10,4,13,2,2,4,0,2
2809,10,4,13,2,2,4,0,2
2813,10,4,13,2,2,4,0,2
2808,10,4,13,2,2,4,0,2
1575,10,4,13,2,2,4,0,2
1561,10,4,13,2,2,4,0,2
1559,10,4,13,2,2,4,0,2
1512,10,4,13,2,2,4,0,2
1222,10,4,13,2,2,4,0,2
1337,10,4,13,2,2,4,0,2
1328,10,4,13,2,2,4,0,2
1356,10,4,13,2,2,4,0,2
1355,10,4,13,2,2,4,0,2
1360,10,4,13,2,2,4,0,2
1358,10,4,13,2,2,4,0,2
1508,10,4,13,2,2,4,0,2
1513,10,4,13,2,2,4,0,2
1383,10,4,13,2,2,4,0,2
1234,10,4,13,2,2,4,0,2
1267,10,4,13,2,2,4,0,2
1429,10,4,13,2,2,4,0,2
1240,10,4,13,2,2,4,0,2
1424,10,4,13,2,2,4,0,2
1224,10,4,13,2,2,4,0,2
1380,10,4,13,2,2,4,0,2
1313,10,4,13,2,2,4,0,2
1352,10,4,13,2,2,4,0,2
1478,10,4,13,2,2,4,0,2
1414,10,4,13,2,2,4,0,2
1439,10,4,13,2,2,4,0,2
1445,10,4,13,2,2,4,0,2
1496,10,4,13,2,2,4,0,2
1419,10,4,13,2,2,4,0,2
1334,10,4,13,2,2,4,0,2
1227,10,4,13,2,2,4,0,2
1347,10,4,13,2,2,4,0,2
1446,10,4,13,2,2,4,0,2
1521,10,4,13,2,2,4,0,2
1440,10,4,13,2,2,4,0,2
1532,10,4,13,2,2,4,0,2
1261,10,4,13,2,2,4,0,2
1581,10,4,13,2,2,4,0,2
1336,10,4,13,2,2,4,0,2
1509,10,4,13,2,2,4,0,2
1417,10,4,13,2,2,4,0,2
1468,10,4,13,2,2,4,0,2
1404,10,4,13,2,2,4,0,2
1268,10,4,13,2,2,4,0,2
1289,10,4,13,2,2,4,0,2
1250,10,4,13,2,2,4,0,2
1251,10,4,13,2,2,4,0,2
1252,10,4,13,2,2,4,0,2
1253,10,4,13,2,2,4,0,2
1269,10,4,13,2,2,4,0,2
1265,10,4,13,2,2,4,0,2
1341,10,4,13,2,2,4,0,2
1447,10,4,13,2,2,4,0,2
1510,10,4,13,2,2,4,0,2
1441,10,4,13,2,2,4,0,2
1628,10,4,13,2,2,4,0,2
1292,10,4,13,2,2,4,0,2
1623,10,4,13,2,2,4,0,2
1627,10,4,13,2,2,4,0,2
1422,10,4,13,2,2,4,0,2
1346,10,4,13,2,2,4,0,2
1343,10,4,13,2,2,4,0,2
1528,10,4,13,2,2,4,0,2
1526,10,4,13,2,2,4,0,2
1264,10,4,13,2,2,4,0,2
1335,10,4,13,2,2,4,0,2
1339,10,4,13,2,2,4,0,2
1506,10,4,13,2,2,4,0,2
1527,10,4,13,2,2,4,0,2
1263,10,4,13,2,2,4,0,2
1472,10,4,13,2,2,4,0,2
1408,10,4,13,2,2,4,0,2
1515,10,4,13,2,2,4,0,2
1516,10,4,13,2,2,4,0,2
1507,10,4,13,2,2,4,0,2
1233,10,4,13,2,2,4,0,2
1474,10,4,13,2,2,4,0,2
1467,10,4,13,2,2,4,0,2
1480,10,4,13,2,2,4,0,2
1410,10,4,13,2,2,4,0,2
1403,10,4,13,2,2,4,0,2
1411,10,4,13,2,2,4,0,2
1416,10,4,13,2,2,4,0,2
1626,10,4,13,2,2,4,0,2
1243,10,4,13,2,2,4,0,2
1469,10,4,13,2,2,4,0,2
1405,10,4,13,2,2,4,0,2
1223,10,4,13,2,2,4,0,2
1479,10,4,13,2,2,4,0,2
1415,10,4,13,2,2,4,0,2
1293,10,4,13,2,2,4,0,2
1570,10,4,13,2,2,4,0,2
1239,10,4,13,2,2,4,0,2
1420,10,4,13,2,2,4,0,2
1270,10,4,13,2,2,4,0,2
448,228,4,13,2,2,4,0,2
2726,232,4,13,2,2,4,0,2
2734,589,4,13,2,2,4,0,2
1801,590,4,13,2,2,4,0,2
2737,908,4,13,2,2,4,0,2
2739,920,4,13,2,2,4,0,2
2524,920,4,13,2,2,4,0,2
2525,921,4,13,2,2,4,0,2
2617,970,4,13,2,2,4,0,2
2856,1015,4,13,2,2,4,0,2
1748,234,4,13,2,2,4,0,2
1752,1011,4,13,2,2,4,0,2
2000,10,4,13,2,2,4,0,2
1996,10,4,13,2,2,4,0,2
2002,10,4,13,2,2,4,0,2
1998,10,4,13,2,2,4,0,2
1999,10,4,13,2,2,4,0,2
2001,10,4,13,2,2,4,0,2
1997,10,4,13,2,2,4,0,2
1921,10,4,13,2,2,4,0,2
1922,10,4,13,2,2,4,0,2
1923,10,4,13,2,2,4,0,2
1926,10,4,13,2,2,4,0,2
1934,10,4,13,2,2,4,0,2
1943,10,4,13,2,2,4,0,2
1946,10,4,13,2,2,4,0,2
1971,10,4,13,2,2,4,0,2
1981,10,4,13,2,2,4,0,2
1987,10,4,13,2,2,4,0,2
1949,10,4,13,2,2,4,0,2
1935,10,4,13,2,2,4,0,2
2215,10,4,13,2,2,4,0,2
884,10,4,13,2,2,4,0,2
1836,605,4,13,2,2,4,0,2
920,10,4,13,2,2,4,0,2
924,10,4,13,2,2,4,0,2
926,10,4,13,2,2,4,0,2
925,10,4,13,2,2,4,0,2
940,10,4,13,2,2,4,0,2
941,10,4,13,2,2,4,0,2
942,10,4,13,2,2,4,0,2
943,10,4,13,2,2,4,0,2
2536,926,4,13,2,2,4,0,2
2323,25,4,13,2,2,4,0,2
1910,659,2,13,11,2,3,2,0
799,654,4,13,11,2,4,2,2
1906,655,4,13,11,2,4,2,2
1909,658,4,13,11,2,4,2,2
238,10,2,13,4,0,1,0,0
2457,10,5,13,4,0,1,0,3
973,10,5,13,4,0,2,0,3
726,372,2,13,4,2,3,0,0
2499,66,4,13,4,2,3,0,2
2456,905,4,13,4,2,4,0,2
2865,1020,2,13,7,2,0,2,0
457,10,4,13,7,0,3,2,3
782,419,4,13,7,2,4,2,2
1678,10,4,14,0,0,0,0,3
293,123,4,14,0,2,0,0,2
285,10,4,14,0,0,0,0,3
1793,10,4,14,0,0,0,0,3
2316,10,4,14,0,0,0,0,3
798,10,4,14,0,0,3,0,3
802,10,4,14,0,2,4,0,2
1091,10,4,14,0,2,4,0,2
2237,10,4,14,0,2,4,0,2
2236,10,4,14,0,2,4,0,2
2819,10,4,14,0,2,4,0,2
1693,10,4,14,0,2,4,0,2
162,10,4,14,0,2,4,0,2
309,127,4,14,0,2,4,0,2
301,118,4,14,0,2,4,0,2
314,132,4,14,0,2,4,0,2
2550,931,4,14,0,2,4,0,2
2370,810,4,14,0,2,4,0,2
298,115,4,14,0,2,4,0,2
1695,10,4,14,8,2,4,2,2
1696,10,4,14,8,2,4,2,2
551,269,4,14,1,2,0,0,2
550,268,1,14,1,2,0,0,0
1991,670,4,14,1,2,0,0,2
2288,761,4,14,1,2,0,0,2
2516,10,4,14,1,0,0,0,3
2557,933,4,14,1,2,0,0,2
349,762,4,14,1,2,0,0,2
376,173,4,14,1,2,0,0,2
389,186,4,14,1,2,0,0,2
467,10,4,14,1,0,0,0,3
1875,629,4,14,1,2,0,0,2
1883,648,4,14,1,2,0,0,2
2553,943,4,14,1,2,0,0,2
367,163,4,14,1,2,0,0,2
2053,680,4,14,1,2,0,0,2
1661,513,4,14,1,2,1,0,2
402,195,1,14,1,2,1,0,0
2170,10,1,14,1,0,3,0,0
2475,10,4,14,1,0,3,0,3
2702,10,1,14,1,0,3,0,0
275,10,6,14,1,0,3,0,3
1691,10,1,14,1,0,3,0,0
2264,757,4,14,1,2,4,0,2
2087,762,4,14,1,2,4,0,2
2679,670,4,14,1,2,4,0,2
1652,533,4,14,1,2,4,0,2
340,163,4,14,1,2,4,0,2
2372,812,4,14,1,2,4,0,2
220,186,4,14,1,2,4,0,2
194,941,4,14,1,2,4,0,2
2594,941,4,14,1,2,4,0,2
1747,185,4,14,1,2,4,0,2
2398,845,4,14,1,2,4,0,2
357,152,4,14,1,2,4,0,2
144,10,4,14,1,2,4,0,2
156,10,4,14,1,2,4,0,2
164,10,4,14,1,2,4,0,2
172,10,4,14,1,2,4,0,2
171,10,4,14,1,2,4,0,2
947,10,4,14,1,2,4,0,2
2409,855,4,14,9,2,0,2,2
2763,10,4,14,9,0,0,2,3
244,10,4,14,9,0,0,2,3
2412,857,4,14,9,2,0,2,2
2406,851,4,14,9,2,0,2,2
1732,551,4,14,9,2,0,2,2
2761,10,4,14,9,0,0,2,3
636,335,4,14,9,2,0,2,2
1722,10,4,14,9,0,1,2,3
635,10,4,14,9,0,1,2,3
1715,10,4,14,9,0,1,2,3
647,337,4,14,9,2,2,2,2
2041,10,4,14,9,0,3,2,3
2039,10,4,14,9,0,3,2,3
2040,10,4,14,9,0,3,2,3
2038,10,4,14,9,0,3,2,3
2037,10,4,14,9,0,3,2,3
637,10,4,14,9,0,3,2,3
2762,10,4,14,9,0,3,2,3
825,553,4,14,9,2,4,2,2
1742,564,4,14,9,2,4,2,2
1743,563,4,14,9,2,4,2,2
2414,859,4,14,9,2,4,2,2
646,336,4,14,9,2,4,2,2
645,335,4,14,9,2,4,2,2
1087,10,4,14,9,2,4,2,2
1088,10,4,14,9,2,4,2,2
2706,10,4,14,9,2,4,2,2
2713,10,4,14,9,2,4,2,2
861,10,4,14,9,2,4,2,2
868,10,4,14,9,2,4,2,2
886,10,4,14,9,2,4,2,2
888,10,4,14,9,2,4,2,2
895,10,4,14,9,2,4,2,2
904,10,4,14,9,2,4,2,2
932,10,4,14,9,2,4,2,2
852,10,4,14,9,2,4,2,2
717,362,4,14,5,2,0,0,2
2424,871,4,14,5,2,0,0,2
2616,969,4,14,5,2,0,0,2
2263,772,4,14,5,2,0,0,2
2607,959,4,14,5,2,0,0,2
2419,865,4,14,5,2,0,0,2
2134,10,4,14,5,0,0,0,3
1673,530,4,14,5,2,0,0,2
2055,681,4,14,5,2,0,0,2
2295,771,4,14,5,2,0,0,2
262,107,4,14,5,2,0,0,2
2402,848,4,14,5,2,0,0,2
249,93,4,14,5,2,0,0,2
240,361,4,14,5,2,0,0,2
2433,882,4,14,5,2,0,0,2
267,19,4,14,5,2,0,0,2
2429,877,4,14,5,2,0,0,2
715,360,4,14,5,2,0,0,2
429,213,4,14,5,2,0,0,2
1671,528,4,14,5,2,0,0,2
2327,374,4,14,5,2,0,0,2
712,354,4,14,5,2,0,0,2
2401,847,4,14,5,2,0,0,2
2304,783,4,14,5,2,0,0,2
691,10,4,14,5,0,0,0,3
2282,770,4,14,5,2,0,0,2
689,530,4,14,5,2,0,0,2
1201,493,4,14,5,2,0,0,2
594,34,4,14,5,2,0,0,2
2188,10,4,14,5,0,0,0,3
2428,875,4,14,5,2,0,0,2
2395,841,4,14,5,2,0,0,2
692,10,4,14,5,0,0,0,3
2308,10,4,14,5,0,0,0,3
686,10,4,14,5,0,0,0,3
2396,842,4,14,5,2,3,0,2
657,10,4,14,5,0,3,0,3
744,391,4,14,5,2,4,0,2
666,10,4,14,5,2,4,0,2
677,10,4,14,5,2,4,0,2
670,10,4,14,5,2,4,0,2
2098,783,4,14,5,2,4,0,2
815,958,4,14,5,2,4,0,2
837,876,4,14,5,2,4,0,2
816,374,4,14,5,2,4,0,2
742,390,4,14,5,2,4,0,2
818,361,4,14,5,2,4,0,2
809,20,4,14,5,2,4,0,2
814,10,4,14,5,2,4,0,2
817,409,4,14,5,2,4,0,2
720,365,4,14,5,2,4,0,2
2657,990,4,14,5,2,4,0,2
707,349,4,14,5,2,4,0,2
2584,876,4,14,5,2,4,0,2
1653,527,4,14,5,2,4,0,2
727,373,4,14,5,2,4,0,2
1658,530,4,14,5,2,4,0,2
1641,530,4,14,5,2,4,0,2
716,359,4,14,5,2,4,0,2
2231,752,4,14,5,2,4,0,2
2273,770,4,14,5,2,4,0,2
2385,831,4,14,5,2,4,0,2
1657,530,4,14,5,2,4,0,2
1650,10,4,14,5,2,4,0,2
1033,10,4,14,5,2,4,0,2
1061,10,4,14,5,2,4,0,2
1140,10,4,14,5,2,4,0,2
179,10,4,14,5,2,4,0,2
2294,769,4,14,5,2,4,0,2
203,772,4,14,5,2,4,0,2
204,374,4,14,5,2,4,0,2
206,94,4,14,5,2,4,0,2
2831,374,4,14,5,2,4,0,2
2841,772,4,14,5,2,4,0,2
183,10,4,14,5,2,4,0,2
480,10,4,14,5,2,4,0,2
684,10,4,14,5,2,4,0,2
2567,10,4,14,5,2,4,0,2
1427,10,4,14,5,2,4,0,2
1503,10,4,14,5,2,4,0,2
1497,10,4,14,5,2,4,0,2
1256,10,4,14,5,2,4,0,2
1294,10,4,14,5,2,4,0,2
1520,10,4,14,5,2,4,0,2
1275,10,4,14,5,2,4,0,2
1395,10,4,14,5,2,4,0,2
1458,10,4,14,5,2,4,0,2
1397,10,4,14,5,2,4,0,2
1461,10,4,14,5,2,4,0,2
1237,10,4,14,5,2,4,0,2
1367,10,4,14,5,2,4,0,2
1365,10,4,14,5,2,4,0,2
1457,10,4,14,5,2,4,0,2
1460,10,4,14,5,2,4,0,2
1394,10,4,14,5,2,4,0,2
1612,10,4,14,5,2,4,0,2
734,381,4,14,5,2,4,0,2
708,350,4,14,5,2,4,0,2
2728,356,4,14,5,2,4,0,2
2390,836,4,14,5,2,4,0,2
1694,10,4,14,5,2,4,0,2
1750,374,4,14,5,2,4,0,2
743,11,4,14,5,2,4,0,2
1749,356,4,14,5,2,4,0,2
1751,961,4,14,5,2,4,0,2
143,10,4,14,5,2,4,0,2
145,10,4,14,5,2,4,0,2
150,10,4,14,5,2,4,0,2
151,10,4,14,5,2,4,0,2
152,10,4,14,5,2,4,0,2
155,10,4,14,5,2,4,0,2
163,10,4,14,5,2,4,0,2
165,10,4,14,5,2,4,0,2
159,10,4,14,5,2,4,0,2
173,10,4,14,5,2,4,0,2
1920,10,4,14,5,2,4,0,2
1938,10,4,14,5,2,4,0,2
1972,10,4,14,5,2,4,0,2
2166,10,4,14,5,2,4,0,2
2165,10,4,14,5,2,4,0,2
2167,10,4,14,5,2,4,0,2
870,10,4,14,5,2,4,0,2
872,10,4,14,5,2,4,0,2
876,10,4,14,5,2,4,0,2
878,10,4,14,5,2,4,0,2
909,10,4,14,5,2,4,0,2
929,10,4,14,5,2,4,0,2
935,10,4,14,5,2,4,0,2
936,10,4,14,5,2,4,0,2
525,263,4,14,12,2,0,2,2
978,710,4,14,12,2,0,2,2
391,4,4,14,12,2,0,2,2
544,10,6,14,12,0,0,2,3
1786,599,4,14,12,2,1,2,2
589,10,6,14,12,0,1,2,3
329,146,5,14,12,0,1,2,3
534,10,5,14,12,0,1,2,3
2469,10,4,14,12,2,3,2,2
2126,716,4,14,12,2,3,2,2
2466,10,4,14,12,0,3,2,3
1826,10,6,14,12,0,3,2,3
2620,973,4,14,12,2,3,2,2
2857,1016,4,14,12,2,3,2,2
2743,1004,4,14,12,2,3,2,2
2175,733,5,14,12,2,4,2,2
2847,186,4,14,12,2,4,2,2
2542,10,4,14,12,2,4,2,2
2124,714,4,14,12,2,4,2,2
2581,670,4,14,12,2,4,2,2
430,215,4,14,12,2,4,2,2
2416,862,4,14,12,2,4,2,2
2121,711,4,14,12,2,4,2,2
1501,10,4,14,12,2,4,2,2
161,10,4,14,12,2,4,2,2
2418,864,4,14,12,2,4,2,2
2378,821,4,14,3,2,0,0,2
487,10,4,14,3,0,0,0,3
2296,773,4,14,3,2,0,0,2
2374,814,4,14,3,2,0,0,2
2292,766,4,14,3,2,0,0,2
2610,963,4,14,3,2,0,0,2
2600,950,4,14,3,2,0,0,2
2580,823,4,14,3,2,0,0,2
2604,955,4,14,3,2,0,0,2
495,10,4,14,3,0,0,0,3
239,10,4,14,3,0,0,0,3
494,10,4,14,3,2,1,0,2
2421,868,4,14,3,2,4,0,2
1861,613,4,14,3,2,4,0,2
491,955,4,14,3,2,4,0,2
2033,823,4,14,3,2,4,0,2
2227,963,4,14,3,2,4,0,2
1862,614,4,14,3,2,4,0,2
508,253,4,14,3,2,4,0,2
2379,822,4,14,3,2,4,0,2
2824,963,4,14,3,2,4,0,2
182,10,4,14,3,2,4,0,2
146,10,4,14,3,2,4,0,2
147,10,4,14,3,2,4,0,2
148,10,4,14,3,2,4,0,2
149,10,4,14,3,2,4,0,2
154,10,4,14,3,2,4,0,2
166,10,4,14,3,2,4,0,2
167,10,4,14,3,2,4,0,2
168,10,4,14,3,2,4,0,2
2164,10,4,14,3,2,4,0,2
2168,10,4,14,3,2,4,0,2
2503,70,4,14,10,2,0,2,2
1898,647,4,14,10,2,0,2,2
2192,643,4,14,10,2,0,2,2
2367,807,4,14,10,2,0,2,2
1878,10,4,14,10,2,0,2,2
2486,53,4,14,10,2,4,2,2
2476,53,4,14,10,2,4,2,2
157,10,4,14,10,2,4,2,2
158,10,4,14,10,2,4,2,2
160,10,4,14,10,2,4,2,2
169,10,4,14,10,2,4,2,2
170,10,4,14,10,2,4,2,2
1183,478,4,14,2,2,0,0,2
2850,10,5,14,2,2,1,0,2
2313,10,5,14,2,2,1,0,2
583,294,5,14,2,2,1,0,2
265,108,5,14,2,2,1,0,2
2265,10,5,14,2,0,1,0,3
2317,10,5,14,2,2,1,0,2
1180,479,4,14,2,2,3,0,2
2872,1027,4,14,2,2,3,0,2
2178,10,2,14,2,2,3,0,0
2868,1023,4,14,2,2,3,0,2
397,192,4,14,2,2,3,0,2
2310,24,0,14,2,2,3,0,0
394,5,0,14,2,2,3,0,0
2870,1025,2,14,2,2,3,0,0
419,628,5,14,2,2,4,0,2
2315,217,4,14,2,2,4,0,2
2314,10,5,14,2,2,4,0,2
2693,64,4,14,2,2,4,0,2
2058,10,5,14,2,2,4,0,2
2318,214,5,14,2,2,4,0,2
1026,10,4,14,2,2,4,0,2
1130,10,5,14,2,2,4,0,2
1131,10,5,14,2,2,4,0,2
1132,10,5,14,2,2,4,0,2
1073,10,4,14,2,2,4,0,2
1082,10,4,14,2,2,4,0,2
1761,10,4,14,2,2,4,0,2
1391,10,4,14,2,2,4,0,2
964,448,4,14,2,2,4,0,2
2319,791,4,14,2,2,4,0,2
288,10,2,14,11,0,1,2,0
1915,666,2,14,11,2,2,2,0
2588,10,2,14,11,0,3,2,0
1675,533,4,14,6,2,0,0,2
1659,511,4,14,6,2,0,0,2
153,10,4,14,6,2,4,0,2
2334,10,5,14,4,0,0,0,3
773,10,5,14,4,0,1,0,3
1771,10,2,14,4,0,2,0,0
432,217,4,14,7,2,4,2,2
305,122,4,16,0,2,3,0,2
304,121,4,16,0,2,4,0,2
313,131,4,16,0,2,4,0,2
310,128,4,16,0,2,4,0,2
2368,808,4,16,0,2,4,0,2
1651,510,4,16,1,2,0,0,2
603,10,4,16,1,0,0,0,3
407,10,3,16,1,2,0,0,2
403,196,4,16,1,2,0,0,2
2593,940,4,16,1,2,0,0,2
2200,740,4,16,1,2,0,0,2
410,10,3,16,1,0,0,0,3
962,10,3,16,1,0,0,0,3
2025,10,4,16,1,0,0,0,3
2107,10,3,16,1,0,1,0,3
1687,10,4,16,1,0,3,0,3
1686,10,4,16,1,0,3,0,3
963,10,3,16,1,0,3,0,3
2179,10,3,16,1,0,3,0,3
602,303,4,16,1,2,4,0,2
217,38,4,16,1,2,4,0,2
14,10,4,16,1,2,4,0,2
6,10,4,16,1,2,4,0,2
939,10,4,16,9,2,4,2,2
714,357,3,16,5,2,0,0,2
2305,784,4,16,5,2,0,0,2
2752,880,4,16,5,2,0,0,2
2569,10,4,16,5,2,0,0,2
641,331,4,16,5,2,0,0,2
2394,840,4,16,5,2,0,0,2
607,10,4,16,5,0,0,0,3
748,394,4,16,5,2,0,0,2
2026,10,4,16,5,0,0,0,3
2027,10,4,16,5,0,0,0,3
2251,10,4,16,5,0,0,0,3
2703,10,4,16,5,0,0,0,3
2554,880,4,16,5,2,0,0,2
2250,10,4,16,5,0,0,0,3
698,10,4,16,5,0,1,0,3
2851,82,4,16,5,2,3,0,2
2056,10,4,16,5,2,4,0,2
2091,880,4,16,5,2,4,0,2
2392,838,4,16,5,2,4,0,2
762,413,4,16,5,2,4,0,2
1672,529,4,16,5,2,4,0,2
659,10,4,16,5,2,4,0,2
1379,10,4,16,5,2,4,0,2
1369,10,4,16,5,2,4,0,2
2727,280,4,16,5,2,4,0,2
738,386,4,16,5,2,4,0,2
2220,748,4,16,5,2,4,0,2
1976,10,4,16,5,2,4,0,2
938,10,4,16,5,2,4,0,2
27,10,4,16,5,2,4,0,2
17,10,4,16,5,2,4,0,2
16,10,4,16,5,2,4,0,2
3,10,4,16,5,2,4,0,2
739,387,4,16,5,2,4,0,2
530,10,3,16,12,0,0,2,3
2467,10,4,16,12,0,3,2,3
439,226,4,16,12,2,3,2,2
2664,10,4,16,12,0,3,2,3
2306,785,4,16,12,2,4,2,2
1899,649,4,16,12,2,4,2,2
1428,10,4,16,12,2,4,2,2
44,10,4,16,12,2,4,2,2
498,240,4,16,3,2,0,0,2
2189,742,4,16,3,2,0,0,2
1779,573,4,16,3,2,0,0,2
2382,828,4,16,3,2,0,0,2
631,328,4,16,3,2,0,0,2
2756,240,4,16,3,2,0,0,2
1830,601,4,16,3,2,0,0,2
1864,616,4,16,3,2,0,0,2
1829,10,4,16,3,0,0,0,3
502,244,4,16,3,2,0,0,2
2420,867,4,16,3,2,0,0,2
1666,519,4,16,3,2,0,0,2
2097,750,4,16,3,2,4,0,2
2697,251,4,16,3,2,4,0,2
2383,829,4,16,3,2,4,0,2
1665,518,4,16,3,2,4,0,2
2202,742,4,16,3,2,4,0,2
1773,574,4,16,3,2,4,0,2
489,682,4,16,3,2,4,0,2
2197,742,4,16,3,2,4,0,2
497,252,4,16,3,2,4,0,2
2403,849,4,16,3,2,4,0,2
2754,682,4,16,3,2,4,0,2
507,251,4,16,3,2,4,0,2
512,258,4,16,3,2,4,0,2
2637,977,4,16,3,2,4,0,2
213,251,4,16,3,2,4,0,2
193,258,4,16,3,2,4,0,2
2230,751,4,16,3,2,4,0,2
2839,251,4,16,3,2,4,0,2
2844,258,4,16,3,2,4,0,2
1785,10,4,16,3,2,4,0,2
43,10,4,16,3,2,4,0,2
33,10,4,16,3,2,4,0,2
13,10,4,16,3,2,4,0,2
12,10,4,16,3,2,4,0,2
10,10,4,16,3,2,4,0,2
9,10,4,16,3,2,4,0,2
280,223,4,16,3,2,4,0,2
279,222,4,16,3,2,4,0,2
278,221,4,16,3,2,4,0,2
2755,10,4,16,3,2,4,0,2
1886,650,4,16,10,2,0,2,2
2494,61,4,16,10,2,4,2,2
269,111,4,16,10,2,4,2,2
2491,58,4,16,10,2,4,2,2
1887,650,4,16,10,2,4,2,2
2050,650,4,16,10,2,4,2,2
26,10,4,16,10,2,4,2,2
2758,1008,4,16,2,2,0,0,2
2882,1030,4,16,2,2,0,0,2
2153,271,4,16,2,2,0,0,2
2066,1008,4,16,2,2,0,0,2
2210,747,4,16,2,2,0,0,2
951,439,4,16,2,2,0,0,2
447,227,4,16,2,2,0,0,2
2587,10,4,16,2,0,1,0,3
2753,10,5,16,2,2,1,0,2
2757,10,5,16,2,2,1,0,2
2052,10,5,16,2,0,2,0,3
2238,49,4,16,2,2,3,0,2
2642,984,4,16,2,2,3,0,2
2684,1009,4,16,2,2,4,0,2
406,202,4,16,2,2,4,0,2
324,141,4,16,2,2,4,0,2
405,202,4,16,2,2,4,0,2
1044,10,4,16,2,2,4,0,2
413,201,4,16,2,2,4,0,2
1534,10,4,16,2,2,4,0,2
1274,10,4,16,2,2,4,0,2
443,10,4,16,2,2,4,0,2
1368,10,4,16,2,2,4,0,2
1276,10,4,16,2,2,4,0,2
946,10,4,16,2,2,4,0,2
42,10,4,16,2,2,4,0,2
15,10,4,16,2,2,4,0,2
2,10,4,16,2,2,4,0,2
2656,10,2,16,11,0,0,2,0
608,302,4,16,6,2,0,0,2
766,38,4,16,6,2,0,0,2
770,37,4,16,6,2,0,0,2
1844,10,4,16,6,0,0,0,3
767,38,4,16,6,2,4,0,2
2698,38,4,16,6,2,4,0,2
19,10,4,16,6,2,4,0,2
